actual,predicted,residual,date,cis_code
0.8102444643771465,0.6689374,0.1413070792949016,2020-12-30,J06000164
0.7553561537288795,0.70159173,0.05376442361108169,2021-01-04,J06000164
0.7210676526394177,0.7267398,-0.005672171178789043,2021-01-06,J06000164
0.6953450818309042,0.67650557,0.018839516187593608,2021-01-08,J06000164
0.6799309956306911,0.65534055,0.02459044330067406,2021-01-10,J06000164
0.6720138214635206,0.6596,0.012413802008564567,2021-01-11,J06000164
0.6557328677531578,0.67673135,-0.02099848028456197,2021-01-13,J06000164
0.6370517479303897,0.66175956,-0.024707807409423577,2021-01-15,J06000164
0.6156759278741519,0.6350644,-0.019388495210107104,2021-01-17,J06000164
0.6045800760051196,0.60631603,-0.001735954020362529,2021-01-18,J06000164
0.5814998863869362,0.60592294,-0.024423051006252305,2021-01-20,J06000164
0.5631177381600103,0.58185697,-0.01873922785866644,2021-01-22,J06000164
0.5501004967777158,0.5566411,-0.006540605059442428,2021-01-24,J06000164
0.5298124790944243,0.56220925,-0.03239676944836134,2021-01-27,J06000164
0.5095473616844207,0.52789706,-0.018349698233029232,2021-01-29,J06000164
0.4816896141133346,0.5106766,-0.028987008277412463,2021-01-31,J06000164
0.4670606600895968,0.46621102,0.0008496391430941053,2021-02-01,J06000164
0.4362359148370827,0.4578173,-0.02158137141589278,2021-02-03,J06000164
0.4049932068705735,0.42333308,-0.018339871752244497,2021-02-05,J06000164
0.3734122051292261,0.38420662,-0.010794417709747872,2021-02-07,J06000164
0.356716561368972,0.35980988,-0.003093314119309243,2021-02-08,J06000164
0.3212669077300299,0.34591013,-0.024643224201275016,2021-02-10,J06000164
0.614927407347406,0.6024476,0.012479778372491479,2020-12-27,J06000165
0.6395812945996966,0.63977045,-0.00018915360815863203,2020-12-28,J06000165
0.6850501488942017,0.67838645,0.006663699080358909,2020-12-30,J06000165
0.6624601279856509,0.61680543,0.04565469375866116,2021-01-03,J06000165
0.646875445540094,0.6285135,0.018361930544519067,2021-01-04,J06000165
0.6139207931617507,0.6696883,-0.0557674912353745,2021-01-06,J06000165
0.5971522694993672,0.58281904,0.014333224909370834,2021-01-08,J06000165
0.5985421170814714,0.5828441,0.015698038540669423,2021-01-10,J06000165
0.5992353764798649,0.6011454,-0.0019100102159969046,2021-01-11,J06000165
0.6006185841567038,0.6267075,-0.026088910102176843,2021-01-13,J06000165
0.5942967895737843,0.6192658,-0.02496900518024403,2021-01-15,J06000165
0.5799242519728092,0.60800534,-0.02808109289489713,2021-01-17,J06000165
0.5725555894466202,0.58164954,-0.009093952408238182,2021-01-18,J06000165
0.5574322418557339,0.5782628,-0.02083056408298678,2021-01-20,J06000165
0.5438623943803287,0.56675833,-0.022895940256359548,2021-01-22,J06000165
0.5320122426098646,0.54625756,-0.014245312874907157,2021-01-24,J06000165
0.5259636651872857,0.5306182,-0.004654525578095203,2021-01-25,J06000165
0.5136077664390873,0.53436476,-0.020756993482940245,2021-01-27,J06000165
0.4866891058814729,0.5198702,-0.03318111573336474,2021-01-29,J06000165
0.4422888256792268,0.4713438,-0.029054959845141504,2021-01-31,J06000165
0.4182616241895357,0.42092046,-0.002658837226708788,2021-02-01,J06000165
0.3658093420185211,0.39214686,-0.02633751357420655,2021-02-03,J06000165
0.3227623107485781,0.3474144,-0.024652093405245767,2021-02-05,J06000165
0.2928076311881012,0.3045321,-0.011724479502969343,2021-02-07,J06000165
0.2770181104972238,0.28876102,-0.011742909209502272,2021-02-08,J06000165
0.2436049869649067,0.27497876,-0.031373769939695345,2021-02-10,J06000165
0.6706075354219979,0.6813021,-0.010694535195677868,2020-12-27,J06000166
0.6740182866021238,0.67337734,0.0006409515305600966,2020-12-28,J06000166
0.6807604662956743,0.6833517,-0.002591229241892812,2020-12-30,J06000166
0.6399977617326038,0.63143843,0.00855932760861089,2021-01-03,J06000166
0.6242450950354904,0.59775335,0.026491749069151305,2021-01-04,J06000166
0.5909145101797348,0.64729536,-0.05638084561707912,2021-01-06,J06000166
0.5773957134140658,0.5559771,0.021418607319705463,2021-01-08,J06000166
0.5855933231433581,0.5659571,0.01963619414174067,2021-01-10,J06000166
0.5896348230062598,0.590531,-0.0008961685480004533,2021-01-11,J06000166
0.5976067137630572,0.6151125,-0.01750576973837714,2021-01-13,J06000166
0.5901725807426282,0.6147384,-0.024565824008195736,2021-01-15,J06000166
0.5665075716809425,0.6001535,-0.033645934121212084,2021-01-17,J06000166
0.5541732440380283,0.56326234,-0.00908909936864899,2021-01-18,J06000166
0.5284011589576046,0.54358315,-0.015181995720740082,2021-01-20,J06000166
0.5087449012722086,0.5167194,-0.007974499610512331,2021-01-22,J06000166
0.4961291832929284,0.49091437,0.0052148087030083334,2021-01-24,J06000166
0.4896811819909404,0.48235583,0.007325348937351539,2021-01-25,J06000166
0.4764906696287976,0.493564,-0.017073340037645268,2021-01-27,J06000166
0.4564431907958666,0.4735887,-0.017145514266999617,2021-01-29,J06000166
0.4285576100931103,0.44065827,-0.012100661219603348,2021-01-31,J06000166
0.4139133084729526,0.41281262,0.001100688071570155,2021-02-01,J06000166
0.3830544793597882,0.39352906,-0.01047457814295838,2021-02-03,J06000166
0.3492534913706549,0.3679064,-0.018652900249981064,2021-02-05,J06000166
0.3119654333153339,0.32390496,-0.011939528032246072,2021-02-07,J06000166
0.2920477900859922,0.29546812,-0.0034203316810518802,2021-02-08,J06000166
0.2492430956907811,0.2758386,-0.02659551781935074,2021-02-10,J06000166
0.4726808481651375,0.5086612,-0.035980362371819286,2020-12-28,J06000167
0.4514260967516766,0.5038135,-0.05238740842105288,2021-01-03,J06000167
0.4517815776112737,0.4595214,-0.0077398352381525815,2021-01-04,J06000167
0.4524916676096631,0.44825715,0.004234519343824461,2021-01-06,J06000167
0.4654153461991568,0.45385778,0.011557566696288157,2021-01-08,J06000167
0.4895121586661974,0.47849864,0.011013520989958392,2021-01-10,J06000167
0.5010770518247659,0.50114775,-7.069521502900411e-05,2021-01-11,J06000167
0.5233220329119704,0.5243324,-0.0010103712246872787,2021-01-13,J06000167
0.5250312423853077,0.5404158,-0.015384581074317505,2021-01-15,J06000167
0.5064514082183861,0.5358179,-0.029366512943265533,2021-01-17,J06000167
0.4968546530374272,0.5038668,-0.007012138687731484,2021-01-18,J06000167
0.4770005225328267,0.48419097,-0.007190448126429272,2021-01-20,J06000167
0.4552585279382028,0.47314772,-0.017889192160292666,2021-01-22,J06000167
0.431381014014471,0.44111577,-0.009734752749216147,2021-01-24,J06000167
0.418931207586264,0.41470534,0.004225871492361422,2021-01-25,J06000167
0.3929068775604606,0.40469936,-0.011792477803385215,2021-01-27,J06000167
0.3565684187569275,0.4325122,-0.07594377516130063,2021-01-31,J06000167
0.348724077197201,0.3451002,0.003623882981426463,2021-02-01,J06000167
0.3325970950709179,0.3780616,-0.04546449750797005,2021-02-03,J06000167
0.3087089704131489,0.32089627,-0.0121872974777813,2021-02-05,J06000167
0.2757326788670642,0.29353452,-0.0178018384211438,2021-02-07,J06000167
0.2582554079188368,0.26500538,-0.00674997199640065,2021-02-08,J06000167
0.2210378878215493,0.24227305,-0.02123515974486459,2021-02-10,J06000167
0.7679165662708066,0.73396814,0.03394842757604344,2020-12-27,J06000168
0.77567928004805,0.74076587,0.03491341043058782,2020-12-28,J06000168
0.7908004526437211,0.76014847,0.030651987010328785,2020-12-30,J06000168
0.8248766800190309,0.68707156,0.13780511820567642,2021-01-03,J06000168
0.8334265988892676,0.77665013,0.05677646814051884,2021-01-04,J06000168
0.8500374597763745,0.7723949,0.07764256422278559,2021-01-06,J06000168
0.836544683990353,0.7957109,0.040833762702816356,2021-01-08,J06000168
0.7899072402708305,0.778557,0.011350237726427403,2021-01-10,J06000168
0.7645652029568943,0.7307882,0.03377703166554302,2021-01-11,J06000168
0.7089607209787174,0.68440896,0.02455175825212441,2021-01-13,J06000168
0.6583081643220976,0.62730795,0.0310002128717497,2021-01-15,J06000168
0.6154735620412913,0.5763104,0.039163165846833325,2021-01-17,J06000168
0.5923601798383085,0.5505863,0.04177389663136877,2021-01-18,J06000168
0.5420797315296592,0.55260336,-0.010523632461124532,2021-01-20,J06000168
0.501958720988765,0.49786803,0.004090689725413599,2021-01-22,J06000168
0.4755738540164173,0.45422405,0.021349803971403847,2021-01-24,J06000168
0.4617548961420232,0.44036227,0.021392621495264164,2021-01-25,J06000168
0.4327234995437143,0.4494488,-0.016725294582796313,2021-01-27,J06000168
0.4272361103546733,0.4092482,0.01798790731550398,2021-01-29,J06000168
0.4461780343019872,0.41983792,0.026340112444153352,2021-01-31,J06000168
0.4553479329797487,0.45083204,0.0045158938619355715,2021-02-01,J06000168
0.473126551723967,0.48194772,-0.008821168326844764,2021-02-03,J06000168
0.4562551781397737,0.49290186,-0.03664668352785938,2021-02-05,J06000168
0.4002818616882346,0.45253912,-0.0522572544559457,2021-02-07,J06000168
0.3693347649401651,0.37427694,-0.004942171114064642,2021-02-08,J06000168
0.2999184959589957,0.32420608,-0.024287588053989506,2021-02-10,J06000168
0.6311517547557055,0.6626526,-0.0315008569767774,2020-12-27,J06000169
0.6268040103134644,0.63415194,-0.0073479252639281345,2020-12-28,J06000169
0.6179757251042354,0.6295031,-0.011527346203900612,2020-12-30,J06000169
0.5738114348262499,0.5997395,-0.025928057113294822,2021-01-03,J06000169
0.5597353281793727,0.53524953,0.024485796910299173,2021-01-04,J06000169
0.5301357627047326,0.58695114,-0.05681537388431768,2021-01-06,J06000169
0.5300592682979136,0.5016825,0.028376748385193884,2021-01-08,J06000169
0.5595209303824894,0.53681594,0.02270498904871865,2021-01-10,J06000169
0.5735346679386586,0.5755874,-0.0020527239146739262,2021-01-11,J06000169
0.6002744259054285,0.6150106,-0.014736193258084729,2021-01-13,J06000169
0.601460462005314,0.630387,-0.02892654618484103,2021-01-15,J06000169
0.577307472476998,0.61935663,-0.04204915975566803,2021-01-17,J06000169
0.564707837999041,0.5814518,-0.016743935644452645,2021-01-18,J06000169
0.5383559139561692,0.5578392,-0.01948330084561911,2021-01-20,J06000169
0.5105675580526999,0.532691,-0.02212344383938991,2021-01-22,J06000169
0.4811639654869168,0.48880452,-0.007640553689566343,2021-01-24,J06000169
0.4656802929892266,0.4604608,0.005219481135817772,2021-01-25,J06000169
0.432951464590508,0.45058247,-0.017631009879630566,2021-01-27,J06000169
0.4051924362806234,0.4171223,-0.011929868158921275,2021-01-29,J06000169
0.3835695855770977,0.38575128,-0.0021816916312305534,2021-01-31,J06000169
0.3723405710015862,0.37511617,-0.0027755984510810516,2021-02-01,J06000169
0.3489721114414567,0.3681997,-0.019227594636119005,2021-02-03,J06000169
0.3206246322457803,0.3415184,-0.02089376985382907,2021-02-05,J06000169
0.286348718119814,0.30306596,-0.016717237519071504,2021-02-07,J06000169
0.2681398761021779,0.27642536,-0.008285485531122905,2021-02-08,J06000169
0.2292582578863666,0.2587438,-0.02948553488592648,2021-02-10,J06000169
0.662694073279053,0.6344151,0.028278983194977125,2020-12-30,J06000170
0.6301031973414588,0.62315553,0.006947663074033272,2021-01-03,J06000170
0.6206067829603968,0.58884335,0.031763437318307,2021-01-04,J06000170
0.6009673370714927,0.6355541,-0.03458673816959612,2021-01-06,J06000170
0.5890405275571339,0.5873082,0.0017322995412342168,2021-01-08,J06000170
0.5854915415264432,0.58268183,0.002809706828719838,2021-01-10,J06000170
0.5837061132689424,0.5813288,0.0023773040076203733,2021-01-11,J06000170
0.580113084493155,0.59506786,-0.014954774202828869,2021-01-13,J06000170
0.5708738667226888,0.58707285,-0.016198982550992835,2021-01-15,J06000170
0.5556181463164336,0.5768332,-0.021215042217349378,2021-01-17,J06000170
0.5477845019991735,0.5584879,-0.010703390151705405,2021-01-18,J06000170
0.5316801275793996,0.5506099,-0.01892975906687111,2021-01-20,J06000170
0.5239245184931574,0.5369889,-0.013064395519751582,2021-01-22,J06000170
0.5249750112979169,0.52797914,-0.0030041242153887593,2021-01-24,J06000170
0.5254993063654799,0.53009295,-0.004593648270140194,2021-01-25,J06000170
0.5265460014721625,0.54277,-0.016224026642156386,2021-01-27,J06000170
0.515570955195345,0.5371551,-0.02158413656719771,2021-01-29,J06000170
0.4916205379256436,0.519176,-0.027555468391495086,2021-01-31,J06000170
0.479131094471909,0.4865936,-0.007462509615920598,2021-02-01,J06000170
0.4530201344447019,0.46877715,-0.015757015470993285,2021-02-03,J06000170
0.4187830505652904,0.4444051,-0.025622058124971425,2021-02-05,J06000170
0.3744711379242329,0.3942838,-0.019812663392982044,2021-02-07,J06000170
0.3504956518852882,0.35774088,-0.007245227173549695,2021-02-08,J06000170
0.2981666922010043,0.3315089,-0.033342212494506585,2021-02-10,J06000170
0.4985818762310559,0.48560268,0.012979199362617155,2020-12-27,J06000171
0.5149327581814342,0.51351506,0.0014177030018382997,2020-12-28,J06000171
0.5458960939299656,0.54835373,-0.002457637702267035,2020-12-30,J06000171
0.569582415385121,0.52492595,0.044656468195789945,2021-01-03,J06000171
0.5725398103234188,0.5651535,0.00738633074730799,2021-01-04,J06000171
0.578394860864279,0.56212497,0.016269893289205806,2021-01-06,J06000171
0.6001089582922458,0.592576,0.007532931375741847,2021-01-08,J06000171
0.6354587179260631,0.62549925,0.00995946942142445,2021-01-10,J06000171
0.6521100583704226,0.6531533,-0.0010432419149167815,2021-01-11,J06000171
0.6836117640932575,0.6856386,-0.0020268424550518027,2021-01-13,J06000171
0.6938313423593331,0.7026464,-0.008815032343120532,2021-01-15,J06000171
0.6842472601338663,0.7039893,-0.019742066820021664,2021-01-17,J06000171
0.6793747204922124,0.67948806,-0.0001133423663691735,2021-01-18,J06000171
0.6694625079847931,0.68049914,-0.011036628463113374,2021-01-20,J06000171
0.6450168787791289,0.6756786,-0.030661732022567834,2021-01-22,J06000171
0.6033982062136996,0.6319501,-0.028551874181045322,2021-01-24,J06000171
0.580990922919898,0.570479,0.01051194714704029,2021-01-25,J06000171
0.5323781145144846,0.54158235,-0.009204231448039835,2021-01-27,J06000171
0.4945019582152453,0.49400103,0.0005009272933092501,2021-01-29,J06000171
0.4708406446653799,0.4561249,0.014715742893834483,2021-01-31,J06000171
0.4585083244555866,0.44703805,0.011470269989339033,2021-02-01,J06000171
0.432740622403702,0.45315346,-0.02041283881417827,2021-02-03,J06000171
0.4013509056577906,0.42408377,-0.02273286366365107,2021-02-05,J06000171
0.3631526744185321,0.3772428,-0.014090129155076292,2021-02-07,J06000171
0.3427150173657369,0.34270048,1.4535950941974018e-05,2021-02-08,J06000171
0.2987063156727556,0.3199745,-0.021268196189045574,2021-02-10,J06000171
0.7566906770572717,0.74058414,0.016106542001729673,2020-12-27,J06000172
0.7704711486780493,0.7480976,0.022373550125345476,2020-12-28,J06000172
0.7967858400496987,0.7645774,0.03220845128627092,2020-12-30,J06000172
0.7760323914517069,0.6853006,0.0907318028439188,2021-01-03,J06000172
0.7643264180227091,0.7234896,0.04083683548410433,2021-01-04,J06000172
0.7399231399433298,0.74870473,-0.008781591521056176,2021-01-06,J06000172
0.7283496450184009,0.70242834,0.025921304106535703,2021-01-08,J06000172
0.7306651448290111,0.7039447,0.026720461754059954,2021-01-10,J06000172
0.7318182816042874,0.7083903,0.02342798609876373,2021-01-11,J06000172
0.7341154101937487,0.7274511,0.006664324149437184,2021-01-13,J06000172
0.7175455820119762,0.72193944,-0.004393862529954995,2021-01-15,J06000172
0.6797909165599897,0.7035958,-0.023804900529091122,2021-01-17,J06000172
0.6596068981053985,0.65814424,0.0014626624944366062,2021-01-18,J06000172
0.6161860523707502,0.6258877,-0.0097016396038897,2021-01-20,J06000172
0.5786790850464878,0.5804742,-0.0017951128180446752,2021-01-22,J06000172
0.5491327610920305,0.53343344,0.015699323744618354,2021-01-24,J06000172
0.5335699318896785,0.5133109,0.02025902261843826,2021-01-25,J06000172
0.5006641503584784,0.51690954,-0.016245389341076,2021-01-27,J06000172
0.4796792014252871,0.4820354,-0.0023561970579892844,2021-01-29,J06000172
0.4724965366475496,0.46304184,0.009454694663754426,2021-01-31,J06000172
0.4688601604718175,0.46815622,0.0007039419430699412,2021-02-01,J06000172
0.4614947704951813,0.48139143,-0.019896659405941763,2021-02-03,J06000172
0.4520581843301373,0.46888867,-0.016830485875932666,2021-02-05,J06000172
0.4404151630494177,0.45165962,-0.011244456758779331,2021-02-07,J06000172
0.43447446918496,0.4362274,-0.001752941846763001,2021-02-08,J06000172
0.4223435915543367,0.4342438,-0.011900206701583704,2021-02-10,J06000172
0.6457713342901205,0.63935727,0.006414065479848241,2020-12-27,J06000173
0.6624079957301577,0.6547458,0.007662178545709497,2020-12-28,J06000173
0.6938834233490369,0.6859348,0.007948641320838612,2020-12-30,J06000173
0.6437767367762922,0.62422425,0.019552491228043922,2021-01-03,J06000173
0.6197406485528416,0.583803,0.035937650486893125,2021-01-04,J06000173
0.5672671697581158,0.64153314,-0.0742659666096821,2021-01-06,J06000173
0.5504665078404882,0.49768353,0.05278298275503901,2021-01-08,J06000173
0.5735570127737092,0.52153736,0.05201964924450386,2021-01-10,J06000173
0.5846576319036124,0.5729899,0.011667750864946647,2021-01-11,J06000173
0.6060422994570552,0.6193083,-0.01326599340869794,2021-01-13,J06000173
0.5998450335299149,0.6249287,-0.025083679314933716,2021-01-15,J06000173
0.5648198906521809,0.6080443,-0.04322443565320855,2021-01-17,J06000173
0.5461877415858517,0.5561455,-0.009957747629999125,2021-01-18,J06000173
0.5063390240304156,0.5104464,-0.004107405222208871,2021-01-20,J06000173
0.477710216725138,0.47016016,0.007550060236719447,2021-01-22,J06000173
0.4628497798995964,0.4397547,0.023095085199355325,2021-01-24,J06000173
0.4552244245984809,0.43449742,0.020727008579041195,2021-01-25,J06000173
0.4395599059515446,0.4538785,-0.014318586165383507,2021-01-27,J06000173
0.4193704837768075,0.42621753,-0.006847042420625948,2021-01-29,J06000173
0.3940222580384892,0.3961047,-0.002082435374291536,2021-01-31,J06000173
0.3807708451456887,0.37432498,0.006445867747770007,2021-02-01,J06000173
0.3529896259877777,0.3586648,-0.005675184669723499,2021-02-03,J06000173
0.3244204873084331,0.3368664,-0.012445921278068983,2021-02-05,J06000173
0.2950281449934175,0.2998134,-0.0047852447847197,2021-02-07,J06000173
0.2795507099981668,0.27670678,0.0028439250345589917,2021-02-08,J06000173
0.2468358209691481,0.2629913,-0.016155488196806483,2021-02-10,J06000173
0.5516645058859693,0.5594056,-0.007741118980516326,2020-12-27,J06000174
0.555497202100229,0.5558691,-0.00037190037779832874,2020-12-28,J06000174
0.5630625911915277,0.57113403,-0.008071439627411525,2020-12-30,J06000174
0.5470574885345519,0.54961354,-0.0025560468696533833,2021-01-03,J06000174
0.5402733114405421,0.5249974,0.015275898282125389,2021-01-04,J06000174
0.5263785032027886,0.55428344,-0.027904936910279066,2021-01-06,J06000174
0.5267713565668697,0.5163376,0.010433783038579891,2021-01-08,J06000174
0.5414137791823911,0.5337689,0.007644886894183078,2021-01-10,J06000174
0.5485539291560074,0.54862833,-7.440107470546575e-05,2021-01-11,J06000174
0.5624914253238104,0.57230616,-0.009814730834636909,2021-01-13,J06000174
0.5558436866515409,0.5778678,-0.022024119306253254,2021-01-15,J06000174
0.5276206305504472,0.56263065,-0.03501002283090049,2021-01-17,J06000174
0.5127901185634092,0.5194276,-0.006637478959326426,2021-01-18,J06000174
0.4815174451326175,0.48603982,-0.004522372200603919,2021-01-20,J06000174
0.4560300291701065,0.45702392,-0.000993889458586139,2021-01-22,J06000174
0.4375271842037156,0.42629918,0.011227999642939857,2021-01-24,J06000174
0.4279714983297599,0.4130914,0.014880107004762944,2021-01-25,J06000174
0.4082052566740466,0.42053068,-0.012325420167689227,2021-01-27,J06000174
0.3894854673742144,0.38970974,-0.00022427350293707793,2021-01-29,J06000174
0.3719933987496913,0.36791018,0.0040832222341120605,2021-01-31,J06000174
0.3629758701399831,0.35688782,0.0060880527571706144,2021-02-01,J06000174
0.344358885923968,0.34981266,-0.005453770717038453,2021-02-03,J06000174
0.3241502607370728,0.33580476,-0.01165449971901239,2021-02-05,J06000174
0.3021581765433421,0.30815512,-0.005996942875755806,2021-02-07,J06000174
0.2907299078946024,0.28695405,0.0037758625988870698,2021-02-08,J06000174
0.2669295811309162,0.2765915,-0.009661928449695989,2021-02-10,J06000174
0.63240798854932,0.6167902,0.015617813111392764,2020-12-28,J06000175
0.5578921951162369,0.608705,-0.050812789071842945,2021-01-03,J06000175
0.5388745990048021,0.5553329,-0.016458300088825872,2021-01-04,J06000175
0.4981425780586503,0.5518865,-0.05374392086941976,2021-01-06,J06000175
0.4862215696846198,0.44954902,0.036672550347919386,2021-01-08,J06000175
0.5055064103568766,0.46815455,0.03735186075818275,2021-01-10,J06000175
0.5148369273587958,0.5052859,0.00955100864617986,2021-01-11,J06000175
0.5329172947828937,0.54214483,-0.00922754021237604,2021-01-13,J06000175
0.5474874694834285,0.549303,-0.0018155257214970133,2021-01-15,J06000175
0.5588690649772443,0.5691982,-0.01032912618867976,2021-01-17,J06000175
0.5644499279792572,0.5666479,-0.0021979592506622403,2021-01-18,J06000175
0.5754010059035829,0.5813112,-0.005910219987530385,2021-01-20,J06000175
0.5677374568709753,0.5971662,-0.029428723739681417,2021-01-22,J06000175
0.5404266421727933,0.578305,-0.03787836385442833,2021-01-24,J06000175
0.5260989656135892,0.5325979,-0.00649893382336153,2021-01-25,J06000175
0.4959425112256387,0.5063605,-0.010417960022988004,2021-01-27,J06000175
0.4355608167862133,0.5103551,-0.07479429815061533,2021-01-31,J06000175
0.4196607291189229,0.39780283,0.02185789937649124,2021-02-01,J06000175
0.3859998421399852,0.4519243,-0.06592445209333692,2021-02-03,J06000175
0.3530540290670904,0.3559405,-0.002886461893984449,2021-02-05,J06000175
0.3212179545784104,0.33237234,-0.01115438300131677,2021-02-07,J06000175
0.3043797140939772,0.30866045,-0.004280733503526479,2021-02-08,J06000175
0.2686083116025899,0.29022378,-0.021615465691569025,2021-02-10,J06000175
0.7191077882160659,0.7150567,0.004051070820283442,2020-12-27,J06000176
0.7243419986704733,0.71190697,0.012435029123201602,2020-12-28,J06000176
0.7346248867962498,0.72420824,0.0104166510555882,2020-12-30,J06000176
0.7732234369634384,0.6598126,0.11341080774056855,2021-01-03,J06000176
0.7838536222390539,0.74917746,0.03467616633695425,2021-01-04,J06000176
0.8043638787226088,0.73996407,0.06439981078666523,2021-01-06,J06000176
0.8278100937495388,0.77741456,0.05039553343154568,2021-01-08,J06000176
0.8536918408463302,0.79155827,0.06213357516029505,2021-01-10,J06000176
0.8660763842308248,0.7954714,0.07060501401064045,2021-01-11,J06000176
0.8898338203692849,0.81105924,0.07877458384279568,2021-01-13,J06000176
0.8733033350856562,0.8159251,0.057378213778283116,2021-01-15,J06000176
0.8113762613976622,0.79565895,0.015717315360369688,2021-01-17,J06000176
0.7767521188005875,0.73533624,0.04141587469429475,2021-01-18,J06000176
0.6979293732971291,0.6652016,0.03272776893082663,2021-01-20,J06000176
0.6389947554744231,0.5895878,0.04940694781908861,2021-01-22,J06000176
0.6108516060701888,0.5419456,0.0689060294024032,2021-01-24,J06000176
0.5960652048636736,0.54142815,0.05463705611718317,2021-01-25,J06000176
0.5648906173877933,0.5790426,-0.014151996118523802,2021-01-27,J06000176
0.5374297437340129,0.5450706,-0.007640844854701734,2021-01-29,J06000176
0.5145738244576168,0.51087034,0.003703486971349701,2021-01-31,J06000176
0.502678373106305,0.49655294,0.006125428922955423,2021-02-01,J06000176
0.4778629988027746,0.49395287,-0.01608987156618291,2021-02-03,J06000176
0.4519609625555262,0.4681668,-0.016205835797668988,2021-02-05,J06000176
0.4248601294707779,0.42919636,-0.004336228256272889,2021-02-07,J06000176
0.4106479648894289,0.40141535,0.00923261683645038,2021-02-08,J06000176
0.3807473428570299,0.39385232,-0.013104980436656033,2021-02-10,J06000176
0.4769977158472942,0.49034572,-0.013348000629146206,2020-12-27,J06000177
0.4770285342927441,0.47510546,0.0019230698342785346,2020-12-28,J06000177
0.4770901646235955,0.48175392,-0.004663750924729093,2020-12-30,J06000177
0.4797646427904405,0.48806146,-0.008296815081950237,2021-01-03,J06000177
0.4806423007817358,0.46824092,0.01240138405276242,2021-01-04,J06000177
0.4823923136889553,0.47434044,0.008051874846181861,2021-01-06,J06000177
0.4862682356900839,0.4877054,-0.0014371738367410236,2021-01-08,J06000177
0.4922137335412138,0.49427313,-0.0020593925841219107,2021-01-10,J06000177
0.4951562357094219,0.49682266,-0.0016664194915363417,2021-01-11,J06000177
0.5009820975285733,0.5086878,-0.0077056966799533555,2021-01-13,J06000177
0.505603264416476,0.511455,-0.005851735030392935,2021-01-15,J06000177
0.5090571197542128,0.51945525,-0.010398134323698627,2021-01-17,J06000177
0.5107738013103187,0.5124717,-0.0016978745624840474,2021-01-18,J06000177
0.5141869404381353,0.52452505,-0.01033810591043649,2021-01-20,J06000177
0.4980378626564786,0.53075665,-0.0327187896987155,2021-01-22,J06000177
0.45998356246152,0.49609402,-0.03611045575938149,2021-01-24,J06000177
0.4396282523043482,0.4377797,0.00184855750873969,2021-01-25,J06000177
0.3958105301851507,0.40676036,-0.01094983458573856,2021-01-27,J06000177
0.3704881010797576,0.37074184,-0.0002537430974884902,2021-01-29,J06000177
0.3671977959129079,0.3510665,0.016131295964406323,2021-01-31,J06000177
0.3655432478540372,0.35977226,0.005770982896609211,2021-02-01,J06000177
0.3622151206298996,0.37992454,-0.017709415121443195,2021-02-03,J06000177
0.3442838666178901,0.36837408,-0.024090212847975967,2021-02-05,J06000177
0.3098204997851001,0.33310893,-0.023288431994761327,2021-02-07,J06000177
0.2915058559553616,0.29395056,-0.002444701753378631,2021-02-08,J06000177
0.2523828099977469,0.2684358,-0.016052996038248557,2021-02-10,J06000177
0.5895840752745086,0.6165563,-0.02697221153731999,2020-12-27,J06000178
0.5794097813783374,0.5879507,-0.008540925103596164,2020-12-28,J06000178
0.5583169398761308,0.5723617,-0.014044767811247083,2020-12-30,J06000178
0.5578077932317154,0.5504783,0.007329513641108676,2021-01-03,J06000178
0.5612309200944844,0.5599377,0.001293204564088879,2021-01-04,J06000178
0.5679972782099435,0.56124187,0.006755413051862447,2021-01-06,J06000178
0.5736697216228687,0.5822294,-0.008559654216364732,2021-01-08,J06000178
0.5782893848960806,0.5885,-0.010210637992102978,2021-01-10,J06000178
0.5805809187123169,0.58667207,-0.0060911489298950405,2021-01-11,J06000178
0.5851280287534797,0.5963563,-0.01122824394396904,2021-01-13,J06000178
0.5836102521033907,0.5974079,-0.013797625341830266,2021-01-15,J06000178
0.5759632330958478,0.5942449,-0.01828166426972222,2021-01-17,J06000178
0.5720886305920669,0.57870317,-0.006614534462254351,2021-01-18,J06000178
0.5642341546990585,0.5799599,-0.015725774290351935,2021-01-20,J06000178
0.5464423712141322,0.57163805,-0.025195676481027718,2021-01-22,J06000178
0.5174293672800121,0.53576547,-0.01833610179423717,2021-01-24,J06000178
0.5021621028164727,0.49431416,0.007847938893209117,2021-01-25,J06000178
0.4699165179307226,0.48124555,-0.01132902960231269,2021-01-27,J06000178
0.448293744248474,0.44376355,0.004530190152252089,2021-01-29,J06000178
0.4390371943253598,0.42421773,0.014819463564785473,2021-01-31,J06000178
0.4343338671671382,0.4279547,0.006379163597725945,2021-02-01,J06000178
0.4247715898065474,0.4373097,-0.012538122365007176,2021-02-03,J06000178
0.3981949717495193,0.42537442,-0.027179446747566283,2021-02-05,J06000178
0.3512075466668574,0.375294,-0.02408645324349723,2021-02-07,J06000178
0.3256588415912069,0.32389078,0.0017680661490834804,2021-02-08,J06000178
0.2695559323623154,0.2925491,-0.022993171136143464,2021-02-10,J06000178
0.5881771915198716,0.57313013,0.015047060752049313,2020-12-27,J06000179
0.6023288099874151,0.594838,0.007490786801685134,2020-12-28,J06000179
0.6293195173914361,0.63075054,-0.001431019527204036,2020-12-30,J06000179
0.5956028303916334,0.5859026,0.009700258713471799,2021-01-03,J06000179
0.5788848505503809,0.55206096,0.02682388882705322,2021-01-04,J06000179
0.5433848214978863,0.60107374,-0.05768892041495555,2021-01-06,J06000179
0.525937772481604,0.50112104,0.024816728322668458,2021-01-08,J06000179
0.5288312472305993,0.5030587,0.02577257527930532,2021-01-10,J06000179
0.5302707874327586,0.5223645,0.007906290248005154,2021-01-11,J06000179
0.5331356316609706,0.5462194,-0.013083776851144924,2021-01-13,J06000179
0.527346661745355,0.5382859,-0.010939249337866386,2021-01-15,J06000179
0.5125481935768887,0.5308575,-0.01830930983726531,2021-01-17,J06000179
0.5049554655342444,0.5040915,0.0008639642982825047,2021-01-18,J06000179
0.4893597882911955,0.49417293,-0.004813142426272787,2021-01-20,J06000179
0.4687501876462041,0.47906023,-0.010310044993108669,2021-01-22,J06000179
0.4424049255564893,0.4440388,-0.0016338827893053742,2021-01-24,J06000179
0.4286076892863313,0.4118491,0.01675857796774305,2021-01-25,J06000179
0.3996242370356533,0.406392,-0.006767771030524061,2021-01-27,J06000179
0.3721447056734754,0.37046948,0.0016752249205304603,2021-01-29,J06000179
0.3466033177217779,0.33842167,0.008181645139151539,2021-01-31,J06000179
0.3332463103535576,0.32407802,0.009168286919872315,2021-02-01,J06000179
0.3052328855788316,0.31250194,-0.007269051572123597,2021-02-03,J06000179
0.27548072755798,0.2889539,-0.013473172779239262,2021-02-05,J06000179
0.2437477131014361,0.25336865,-0.009620932805012278,2021-02-07,J06000179
0.2269671033639095,0.22423707,0.002730033876337773,2021-02-08,J06000179
0.1913257777286308,0.20625353,-0.014927750866339906,2021-02-10,J06000179
0.5561735691012957,0.5262387,0.029934889215431415,2020-12-30,J06000180
0.5673538440702679,0.55707884,0.010275005721879227,2021-01-03,J06000180
0.5685835075122412,0.56536597,0.0032175373775060745,2021-01-04,J06000180
0.571032438405001,0.56681055,0.004221890099489478,2021-01-06,J06000180
0.5801039527755978,0.5816558,-0.001551847566962028,2021-01-08,J06000180
0.5953948760083093,0.5966443,-0.001249406332694103,2021-01-10,J06000180
0.6028430748249544,0.6046157,-0.001772613499020248,2021-01-11,J06000180
0.6173668775211282,0.6217681,-0.004401239429860593,2021-01-13,J06000180
0.609642982024645,0.6351799,-0.025536895256544012,2021-01-15,J06000180
0.5784212035505454,0.62001675,-0.041595550123008085,2021-01-17,J06000180
0.5619261599180372,0.5744134,-0.012487258851799243,2021-01-18,J06000180
0.5269285497082657,0.54199225,-0.015063697396379028,2021-01-20,J06000180
0.5033598985626414,0.5085655,-0.005205586914806104,2021-01-22,J06000180
0.493283054335453,0.48379523,0.009487828715183222,2021-01-24,J06000180
0.4881555748561248,0.48399624,0.004159332571350038,2021-01-25,J06000180
0.4777153502082965,0.49528372,-0.017568372669205967,2021-01-27,J06000180
0.4561129063460403,0.49976975,-0.043656840911192374,2021-01-31,J06000180
0.4505453975920631,0.44936135,0.0011840434794379573,2021-02-01,J06000180
0.4391915730861865,0.4718242,-0.03263262587507143,2021-02-03,J06000180
0.4140023725960909,0.43483344,-0.020831064608270056,2021-02-05,J06000180
0.3723937594682116,0.39806882,-0.025675056001530194,2021-02-07,J06000180
0.3499923047403624,0.35140836,-0.0014160576482484255,2021-02-08,J06000180
0.3013932241691143,0.32238588,-0.020992653201720057,2021-02-10,J06000180
0.8074966502340479,0.66551423,0.14198241950589852,2020-12-30,J06000181
0.7718043107347614,0.69997954,0.07182476704884833,2021-01-03,J06000181
0.7565371434177266,0.6991162,0.057420973011385046,2021-01-04,J06000181
0.7242917752873476,0.736549,-0.012257244526190036,2021-01-06,J06000181
0.6942636755466263,0.67237526,0.021888413763026415,2021-01-08,J06000181
0.6671206508003534,0.6433071,0.023813560994750405,2021-01-10,J06000181
0.6528852833158253,0.6171833,0.03570195564095957,2021-01-11,J06000181
0.6229332897656602,0.62026614,0.002667150258366502,2021-01-13,J06000181
0.6082653658872863,0.59944016,0.008825208473803636,2021-01-15,J06000181
0.6104969455321945,0.59769535,0.012801594885221812,2021-01-17,J06000181
0.6116084500004911,0.6107404,0.0008680267979764844,2021-01-18,J06000181
0.6138229610361489,0.6302531,-0.016430115517195865,2021-01-20,J06000181
0.6000850640118145,0.6257672,-0.025682107371089558,2021-01-22,J06000181
0.5687892148125462,0.59990495,-0.031115739620894978,2021-01-24,J06000181
0.5522528292136395,0.5523964,-0.00014358745048403954,2021-01-25,J06000181
0.5171621122891378,0.5219861,-0.004824014610581462,2021-01-27,J06000181
0.498263248897325,0.52656186,-0.028298607372511442,2021-01-31,J06000181
0.4981866848495954,0.49871424,-0.0005275535556322763,2021-02-01,J06000181
0.4980335162486038,0.51204765,-0.014014132181266792,2021-02-03,J06000181
0.4730992805926236,0.5042212,-0.031121920350369592,2021-02-05,J06000181
0.4186598936944178,0.45823318,-0.039573283967477946,2021-02-07,J06000181
0.3886470443205705,0.3890295,-0.0003824585480818321,2021-02-08,J06000181
0.3215761648841063,0.35067952,-0.029103351908191077,2021-02-10,J06000181
0.5869388060992909,0.55786115,0.02907765678822527,2020-12-30,J06000182
0.5721992219844588,0.5771582,-0.004958990677284336,2021-01-03,J06000182
0.5654442247718838,0.5564041,0.00904011100235258,2021-01-04,J06000182
0.5516106159552179,0.5812142,-0.02960357357420107,2021-01-06,J06000182
0.5465540025240402,0.54655135,2.6557451705544466e-06,2021-01-08,J06000182
0.5505838226812686,0.5513632,-0.0007794070703183165,2021-01-10,J06000182
0.5525847966832884,0.5537635,-0.0011787121134034795,2021-01-11,J06000182
0.5565592973388924,0.5662836,-0.009724286302159824,2021-01-13,J06000182
0.5452695382181924,0.57014126,-0.02487171763736795,2021-01-15,J06000182
0.5174618533213493,0.55261374,-0.0351518818776253,2021-01-17,J06000182
0.5028605007489695,0.50983286,-0.006972358290337155,2021-01-18,J06000182
0.4720970428924506,0.48726842,-0.015171375181203595,2021-01-20,J06000182
0.4514600633897758,0.45873633,-0.007276266880991422,2021-01-22,J06000182
0.4425291844810701,0.43662277,0.005906415840551904,2021-01-24,J06000182
0.4379939164604881,0.43567765,0.0023162688698508682,2021-01-25,J06000182
0.4287787754751364,0.44327915,-0.014500371672995949,2021-01-27,J06000182
0.3962485661688201,0.46179488,-0.06554631684395151,2021-01-31,J06000182
0.3865543329091638,0.38031456,0.006239774164733258,2021-02-01,J06000182
0.3664914935223263,0.41231856,-0.04582706397851294,2021-02-03,J06000182
0.3388248939247818,0.3507596,-0.011934701707771278,2021-02-05,J06000182
0.3020623227569626,0.32115272,-0.019090394118113696,2021-02-07,J06000182
0.2824441300936345,0.28756577,-0.0051216376714106615,2021-02-08,J06000182
0.2403306013167898,0.26459992,-0.02426931800236304,2021-02-10,J06000182
0.6577187494495521,0.6048259,0.0528928355434547,2020-12-30,J06000183
0.6491996458870177,0.62101614,0.028183501134515287,2021-01-03,J06000183
0.6450353685780322,0.6295734,0.015461963789061284,2021-01-04,J06000183
0.6365850761969769,0.6503389,-0.013753811971358054,2021-01-06,J06000183
0.6189971378356711,0.63525,-0.016252834507773706,2021-01-08,J06000183
0.5911083854395387,0.6120613,-0.020952936295843383,2021-01-10,J06000183
0.5764623348043485,0.5708501,0.005612260513119249,2021-01-11,J06000183
0.5455996212416342,0.55321985,-0.007620233590061365,2021-01-13,J06000183
0.5342003859157304,0.527182,0.00701840292165079,2021-01-15,J06000183
0.5438289879673485,0.531561,0.012267970930910477,2021-01-17,J06000183
0.5485644022227613,0.55105615,-0.002491744398942841,2021-01-18,J06000183
0.5578830895971778,0.57499766,-0.017114573900747,2021-01-20,J06000183
0.5541320178869099,0.5790832,-0.02495118638249927,2021-01-22,J06000183
0.5369630425846411,0.5661326,-0.029169562491195067,2021-01-24,J06000183
0.5281171309471768,0.53911215,-0.010995019721921073,2021-01-25,J06000183
0.5098657046083751,0.5229054,-0.013039704727714985,2021-01-27,J06000183
0.4795885552640982,0.5230968,-0.04350824458636565,2021-01-31,J06000183
0.4724080633712353,0.46695316,0.005454904992634235,2021-02-01,J06000183
0.4576807946883583,0.49759007,-0.03990927031408309,2021-02-03,J06000183
0.4327200526802354,0.450683,-0.017962945023316856,2021-02-05,J06000183
0.3956653125616927,0.41726002,-0.021594708409605534,2021-02-07,J06000183
0.3758806965978589,0.3746337,0.0012469969423260507,2021-02-08,J06000183
0.3333832387372143,0.35022116,-0.016837918336760294,2021-02-10,J06000183
0.4882295682211549,0.4852396,0.002989973046365446,2020-12-27,J06000184
0.4976098517981794,0.49592537,0.001684484919669882,2020-12-28,J06000184
0.5157836489894209,0.5200724,-0.0042887515804949095,2020-12-30,J06000184
0.5159893427580586,0.50842005,0.007569292613863077,2021-01-03,J06000184
0.513083128610853,0.49598306,0.017100064436200935,2021-01-04,J06000184
0.5072116979895326,0.51255065,-0.005338954037597543,2021-01-06,J06000184
0.5019871525520946,0.5060997,-0.004112548375639791,2021-01-08,J06000184
0.4974340150427919,0.50175935,-0.004325335257043317,2021-01-10,J06000184
0.4951394196289034,0.49554405,-0.0004046265346555611,2021-01-11,J06000184
0.4905135348722374,0.49952117,-0.009007631213959477,2021-01-13,J06000184
0.4799195871430973,0.4943977,-0.014478112689818967,2021-01-15,J06000184
0.4629077226794319,0.47914767,-0.01623994997376632,2021-01-17,J06000184
0.4541451927512015,0.45319015,0.0009550448744620188,2021-01-18,J06000184
0.436071213023918,0.44543257,-0.009361360532982033,2021-01-20,J06000184
0.4206900961117313,0.4323485,-0.011658393649621235,2021-01-22,J06000184
0.4083228787618165,0.4127041,-0.004381231383752349,2021-01-24,J06000184
0.4020046467968672,0.39882877,0.0031758721062391526,2021-01-25,J06000184
0.3890855532782596,0.39907724,-0.009991683374114657,2021-01-27,J06000184
0.3772184620271346,0.38505626,-0.0078377952207902,2021-01-29,J06000184
0.3665023339901204,0.3722802,-0.00577787626645615,2021-01-31,J06000184
0.3610434538234625,0.36134586,-0.00030240355835819965,2021-02-01,J06000184
0.3499154315552822,0.36220655,-0.012291116897095111,2021-02-03,J06000184
0.3315188287666022,0.35005292,-0.018534094197493856,2021-02-05,J06000184
0.3048951337547235,0.32066545,-0.015770315149313985,2021-02-07,J06000184
0.2909451237494876,0.29336587,-0.0024207421963284292,2021-02-08,J06000184
0.2616243030664178,0.27470958,-0.013085279262378569,2021-02-10,J06000184
0.5579156175943369,0.56042385,-0.0025082334188466504,2020-12-30,J06000185
0.5326971766147756,0.5580759,-0.025378728231415848,2021-01-03,J06000185
0.5244435420257104,0.50916106,0.015282486937667206,2021-01-04,J06000185
0.5074502497285054,0.5439285,-0.03647825426166795,2021-01-06,J06000185
0.4941026006427356,0.49622184,-0.0021192397388867246,2021-01-08,J06000185
0.4847641831491895,0.4867049,-0.001940702810435735,2021-01-10,J06000185
0.4800185790207245,0.47649124,0.003527336373553458,2021-01-11,J06000185
0.4703689111469569,0.4804193,-0.010050396800201922,2021-01-13,J06000185
0.4802395001558096,0.472489,0.007750500789049319,2021-01-15,J06000185
0.5083656803235256,0.4982168,0.010148872481270943,2021-01-17,J06000185
0.5217739330927285,0.5241074,-0.002333463509902156,2021-01-18,J06000185
0.5474090155288077,0.5563133,-0.008904260762085836,2021-01-20,J06000185
0.5596901267540331,0.5744652,-0.014775088452113172,2021-01-22,J06000185
0.559709216032134,0.58242613,-0.02271691473950299,2021-01-24,J06000185
0.5597187603565449,0.5678831,-0.008164313927054967,2021-01-25,J06000185
0.5597378483761339,0.5696112,-0.009873343373438814,2021-01-27,J06000185
0.5396312697586354,0.5585354,-0.01890412729412949,2021-01-31,J06000185
0.5327133701545683,0.5298171,0.0028962658149687126,2021-02-01,J06000185
0.5185379405942927,0.5570051,-0.03846716680850881,2021-02-03,J06000185
0.4901320821675839,0.51578397,-0.02565188342003205,2021-02-05,J06000185
0.4444877972096763,0.47302476,-0.02853695850664756,2021-02-07,J06000185
0.419730791233903,0.41636336,0.003367432736283371,2021-02-08,J06000185
0.365532873879631,0.3856581,-0.02012521146659091,2021-02-10,J06000185
0.6102277499080517,0.5519208,0.05830697830923581,2020-12-28,J06000186
0.6239412092954754,0.5801502,0.043791022279941916,2020-12-30,J06000186
0.5638540568825106,0.5971027,-0.03324864478146039,2021-01-03,J06000186
0.53909713880978,0.50339746,0.035699674057582786,2021-01-04,J06000186
0.4848994323128258,0.560355,-0.07545557533564223,2021-01-06,J06000186
0.4597680052045308,0.42454484,0.03522316415342913,2021-01-08,J06000186
0.4690853269160685,0.4318605,0.03722482038149211,2021-01-10,J06000186
0.4736700844001565,0.4574626,0.01620747558591701,2021-01-11,J06000186
0.4826969042288689,0.49528375,-0.012586848450955923,2021-01-13,J06000186
0.4818763619712045,0.49565518,-0.013778817052538195,2021-01-15,J06000186
0.4711518431582174,0.49277276,-0.021620914848832162,2021-01-17,J06000186
0.4656886083389889,0.4728164,-0.007127799341522578,2021-01-18,J06000186
0.454551537559972,0.4660943,-0.011542747689738064,2021-01-20,J06000186
0.441944249360427,0.45918638,-0.01724212578071682,2021-01-22,J06000186
0.4277438563812327,0.43850747,-0.01076361112708335,2021-01-24,J06000186
0.4204656573498074,0.42189425,-0.0014285949504550532,2021-01-25,J06000186
0.4055327921751755,0.41539666,-0.00986386839115444,2021-01-27,J06000186
0.3520073288723267,0.4432415,-0.09123417794262995,2021-01-31,J06000186
0.3355767236766955,0.32408535,0.011491368871702823,2021-02-01,J06000186
0.3007241785506659,0.36951157,-0.06878739595609373,2021-02-03,J06000186
0.2718020522944169,0.27167398,0.00012807491938637838,2021-02-05,J06000186
0.2502504086096495,0.26052764,-0.010277231971481504,2021-02-07,J06000186
0.2390597903779407,0.24492419,-0.005864397282276584,2021-02-08,J06000186
0.215774479729332,0.23328604,-0.017511558311782804,2021-02-10,J06000186
0.5867237837607211,0.5526519,0.03407190158909024,2020-12-28,J06000187
0.5960434140363461,0.56742543,0.028617984215331682,2020-12-30,J06000187
0.5431451990344965,0.58013624,-0.036991040494159466,2021-01-03,J06000187
0.522158876426426,0.48992804,0.03223083949824912,2021-01-04,J06000187
0.4768746290151533,0.54596883,-0.06909420157032642,2021-01-06,J06000187
0.4562764634748423,0.42513436,0.031142102684589612,2021-01-08,J06000187
0.4640649981719762,0.43153355,0.03253145291631521,2021-01-10,J06000187
0.4679075049822808,0.45901397,0.008893536276149805,2021-01-11,J06000187
0.475492006368692,0.49096873,-0.015476727657263212,2021-01-13,J06000187
0.4756640859192773,0.49020052,-0.014536433642490298,2021-01-15,J06000187
0.4684326248808248,0.48875815,-0.02032552188202308,2021-01-17,J06000187
0.4647712330146269,0.47267216,-0.007900931425528113,2021-01-18,J06000187
0.4573545235371331,0.46858463,-0.011230103375937606,2021-01-20,J06000187
0.4432350248762799,0.4661769,-0.02294187241108886,2021-01-22,J06000187
0.4217361056727694,0.44100845,-0.01927234292799962,2021-01-24,J06000187
0.4105739113633913,0.41100678,-0.0004328671152311614,2021-01-25,J06000187
0.3873501389377393,0.39875773,-0.0114075870163165,2021-01-27,J06000187
0.3760103050762552,0.37684172,-0.0008314188426595814,2021-01-29,J06000187
0.3775163719310608,0.37171382,0.005802554811462413,2021-01-31,J06000187
0.3782674513220874,0.38101947,-0.00275202175377931,2021-02-01,J06000187
0.3797657244957274,0.39463583,-0.014870101853531048,2021-02-03,J06000187
0.3669932092024538,0.38943464,-0.022441426436736855,2021-02-05,J06000187
0.3386216246900227,0.36409602,-0.025474391001734487,2021-02-07,J06000187
0.3237090872973677,0.32772768,-0.004018588140559554,2021-02-08,J06000187
0.2922539344777971,0.30350646,-0.01125252928830095,2021-02-10,J06000187
0.5650150838050619,0.5348954,0.030119663730599044,2020-12-30,J06000188
0.5585912644210851,0.56357425,-0.004982990091701778,2021-01-03,J06000188
0.5532648784364175,0.5488186,0.004446290179581536,2021-01-04,J06000188
0.5424120317325947,0.56203777,-0.019625734247172177,2021-01-06,J06000188
0.5354256175995034,0.5373592,-0.001933560466750306,2021-01-08,J06000188
0.532497752505923,0.5352387,-0.0027409307178013487,2021-01-10,J06000188
0.5310263845363489,0.52907956,0.0019468280711999464,2021-01-11,J06000188
0.5280686088579265,0.535724,-0.007655375383559093,2021-01-13,J06000188
0.5181475948278033,0.5356798,-0.017532222371903772,2021-01-15,J06000188
0.5007705905918621,0.5210011,-0.020230509948299003,2021-01-17,J06000188
0.4918142029675518,0.4957238,-0.0039096108046497435,2021-01-18,J06000188
0.473327505794437,0.48821968,-0.014892172607510024,2021-01-20,J06000188
0.4590820690037291,0.47092992,-0.011847851669641252,2021-01-22,J06000188
0.449530050452684,0.4519235,-0.00239343911793366,2021-01-24,J06000188
0.4446740843631225,0.4435848,0.0010892845965819742,2021-01-25,J06000188
0.434796164810905,0.44384968,-0.009053517997017368,2021-01-27,J06000188
0.3889484313804139,0.46726656,-0.07831812822041617,2021-01-31,J06000188
0.3744409817865899,0.3605091,0.013931884210448553,2021-02-01,J06000188
0.3438859360702149,0.40245998,-0.05857404298709712,2021-02-03,J06000188
0.3118527405052773,0.31759393,-0.005741191646517152,2021-02-05,J06000188
0.2781701037433211,0.29384044,-0.015670334384196627,2021-02-07,J06000188
0.2602956482214649,0.27070203,-0.010406386013535718,2021-02-08,J06000188
0.2221757950943196,0.24973717,-0.027561378224543326,2021-02-10,J06000188
0.6010301325018919,0.5858134,0.01521672937231422,2020-12-30,J06000189
0.5607646391507431,0.5823895,-0.02162483476435695,2021-01-03,J06000189
0.5469008163889274,0.50705045,0.03985036177238077,2021-01-04,J06000189
0.5177703687848692,0.5673784,-0.04960803297141747,2021-01-06,J06000189
0.510902172161506,0.48894387,0.021958297325538,2021-01-08,J06000189
0.5273510224717644,0.5089415,0.01840955089507368,2021-01-10,J06000189
0.5353475728095931,0.540978,-0.00563044165955362,2021-01-11,J06000189
0.5509120680654602,0.56902915,-0.01811708432788084,2021-01-13,J06000189
0.5726259824643553,0.5764678,-0.00384182959695456,2021-01-15,J06000189
0.5995882157285999,0.60589254,-0.006304323295753145,2021-01-17,J06000189
0.6124665418236798,0.62520456,-0.012738021317189374,2021-01-18,J06000189
0.6371312203383561,0.646492,-0.009360784056175131,2021-01-20,J06000189
0.6263300439793339,0.66543317,-0.03910312443192099,2021-01-22,J06000189
0.5771984204195878,0.6373683,-0.06016990099917441,2021-01-24,J06000189
0.5503777376608374,0.56199086,-0.011613119463491195,2021-01-25,J06000189
0.4911892319514223,0.5041484,-0.012959191720300134,2021-01-27,J06000189
0.4452289954533724,0.45663002,-0.011401025880322047,2021-01-29,J06000189
0.4179174768923347,0.4137817,0.004135774373871581,2021-01-31,J06000189
0.4035894129889028,0.40144563,0.0021437857763783597,2021-02-01,J06000189
0.3734321003548539,0.40045258,-0.027020483673390105,2021-02-03,J06000189
0.3456401643911101,0.35994393,-0.014303761943270987,2021-02-05,J06000189
0.3208370809546226,0.3279093,-0.007072209835935261,2021-02-07,J06000189
0.3078832853579695,0.3123256,-0.004442311451417713,2021-02-08,J06000189
0.2807555656158754,0.30203968,-0.02128411724926743,2021-02-10,J06000189
0.6955954032210833,0.5387974,0.1567980246810442,2020-12-30,J06000190
0.6893602622586446,0.63969684,0.049663425787086934,2021-01-03,J06000190
0.6794255450088812,0.66312104,0.016304500373108488,2021-01-04,J06000190
0.6588471788510536,0.6855013,-0.026654098595693232,2021-01-06,J06000190
0.6552400328498784,0.6467297,0.00851032513198291,2021-01-08,J06000190
0.6690240769676284,0.66175485,0.007269230394752468,2021-01-10,J06000190
0.6757554372827171,0.6761691,-0.00041366014083632496,2021-01-11,J06000190
0.6889130197321693,0.6990336,-0.010120598241158296,2021-01-13,J06000190
0.677013022490523,0.7020178,-0.02500476162812937,2021-01-15,J06000190
0.6378497581775898,0.6801996,-0.042349864930320336,2021-01-17,J06000190
0.616858869137125,0.6253248,-0.008465916572256149,2021-01-18,J06000190
0.5715639831082064,0.5842994,-0.012735402439431498,2021-01-20,J06000190
0.5439347538164241,0.53994125,0.003993502538500504,2021-01-22,J06000190
0.5377134741738803,0.5162176,0.021495884795523335,2021-01-24,J06000190
0.5345690920180238,0.52677923,0.007789857608691553,2021-01-25,J06000190
0.5282111944175625,0.55758625,-0.029375058271799093,2021-01-27,J06000190
0.5112628161890137,0.5373846,-0.02612181306055905,2021-01-29,J06000190
0.4824184963100069,0.502206,-0.0197875311977751,2021-01-31,J06000190
0.4672445988200863,0.46441948,0.002825114681597518,2021-02-01,J06000190
0.4352072640805584,0.44828683,-0.013079567298378392,2021-02-03,J06000190
0.401315531263616,0.41575006,-0.014434525241587226,2021-02-05,J06000190
0.3653123088572743,0.3717023,-0.006390004565882457,2021-02-07,J06000190
0.3461258306217689,0.34640062,-0.00027478793139273927,2021-02-08,J06000190
0.3050059794617195,0.33092508,-0.025919097738216434,2021-02-10,J06000190
