actual,predicted,residual,date,cis_code,model_type
0.8102444643771465,0.4606556,0.3495888645446117,2020-12-30,J06000164,STGCN_Distance_InfectionRates
0.7553561537288795,0.51878554,0.23657061743966445,2021-01-04,J06000164,STGCN_Distance_InfectionRates
0.7210676526394177,0.57414114,0.1469265078869153,2021-01-06,J06000164,STGCN_Distance_InfectionRates
0.6953450818309042,0.59006387,0.10528121187774864,2021-01-08,J06000164,STGCN_Distance_InfectionRates
0.6799309956306911,0.5951538,0.08477718703694115,2021-01-10,J06000164,STGCN_Distance_InfectionRates
0.6720138214635206,0.5949448,0.07706904635899792,2021-01-11,J06000164,STGCN_Distance_InfectionRates
0.6557328677531578,0.63804674,0.017686126267562052,2021-01-13,J06000164,STGCN_Distance_InfectionRates
0.6370517479303897,0.61069584,0.026355909002167,2021-01-15,J06000164,STGCN_Distance_InfectionRates
0.6156759278741519,0.5886811,0.0269948260751407,2021-01-17,J06000164,STGCN_Distance_InfectionRates
0.6045800760051196,0.57948136,0.02509871270861086,2021-01-18,J06000164,STGCN_Distance_InfectionRates
0.5814998863869362,0.5751384,0.006361496322696669,2021-01-20,J06000164,STGCN_Distance_InfectionRates
0.5631177381600103,0.55246854,0.01064919987570856,2021-01-22,J06000164,STGCN_Distance_InfectionRates
0.5501004967777158,0.5387955,0.011305025586309525,2021-01-24,J06000164,STGCN_Distance_InfectionRates
0.5298124790944243,0.5147455,0.015067005232729969,2021-01-27,J06000164,STGCN_Distance_InfectionRates
0.5095473616844207,0.49682987,0.012717494321444645,2021-01-29,J06000164,STGCN_Distance_InfectionRates
0.4816896141133346,0.48286802,-0.0011784016528091912,2021-01-31,J06000164,STGCN_Distance_InfectionRates
0.4670606600895968,0.46765995,-0.0005992901667508654,2021-02-01,J06000164,STGCN_Distance_InfectionRates
0.4362359148370827,0.45894426,-0.02270834623698348,2021-02-03,J06000164,STGCN_Distance_InfectionRates
0.4049932068705735,0.43501094,-0.03001773296592858,2021-02-05,J06000164,STGCN_Distance_InfectionRates
0.3734122051292261,0.41260883,-0.03919662699166926,2021-02-07,J06000164,STGCN_Distance_InfectionRates
0.356716561368972,0.37664893,-0.019932371326416787,2021-02-08,J06000164,STGCN_Distance_InfectionRates
0.3212669077300299,0.36139107,-0.0401241597748529,2021-02-10,J06000164,STGCN_Distance_InfectionRates
0.614927407347406,0.4797605,0.1351669095389496,2020-12-27,J06000165,STGCN_Distance_InfectionRates
0.6395812945996966,0.4929929,0.14658838683716913,2020-12-28,J06000165,STGCN_Distance_InfectionRates
0.6850501488942017,0.54856986,0.13648029082001345,2020-12-30,J06000165,STGCN_Distance_InfectionRates
0.6624601279856509,0.55923754,0.10322258821743191,2021-01-03,J06000165,STGCN_Distance_InfectionRates
0.646875445540094,0.5736541,0.0732213303400513,2021-01-04,J06000165,STGCN_Distance_InfectionRates
0.6139207931617507,0.6055603,0.008360490427375744,2021-01-06,J06000165,STGCN_Distance_InfectionRates
0.5971522694993672,0.5761785,0.020973778383797104,2021-01-08,J06000165,STGCN_Distance_InfectionRates
0.5985421170814714,0.55787754,0.04066457649309252,2021-01-10,J06000165,STGCN_Distance_InfectionRates
0.5992353764798649,0.5295462,0.06968917525076945,2021-01-11,J06000165,STGCN_Distance_InfectionRates
0.6006185841567038,0.56731635,0.03330223083562833,2021-01-13,J06000165,STGCN_Distance_InfectionRates
0.5942967895737843,0.5583173,0.03597948591625255,2021-01-15,J06000165,STGCN_Distance_InfectionRates
0.5799242519728092,0.5507122,0.02921202415145907,2021-01-17,J06000165,STGCN_Distance_InfectionRates
0.5725555894466202,0.5422632,0.030292379626826516,2021-01-18,J06000165,STGCN_Distance_InfectionRates
0.5574322418557339,0.54684883,0.01058340829479032,2021-01-20,J06000165,STGCN_Distance_InfectionRates
0.5438623943803287,0.5296431,0.01421927599882844,2021-01-22,J06000165,STGCN_Distance_InfectionRates
0.5320122426098646,0.5237626,0.008249658877259591,2021-01-24,J06000165,STGCN_Distance_InfectionRates
0.5259636651872857,0.50605476,0.019908906161711926,2021-01-25,J06000165,STGCN_Distance_InfectionRates
0.5136077664390873,0.5050341,0.008573677350647402,2021-01-27,J06000165,STGCN_Distance_InfectionRates
0.4866891058814729,0.5026947,-0.016005620108822505,2021-01-29,J06000165,STGCN_Distance_InfectionRates
0.4422888256792268,0.48175338,-0.039464553427294824,2021-01-31,J06000165,STGCN_Distance_InfectionRates
0.4182616241895357,0.45209247,-0.03383084454902019,2021-02-01,J06000165,STGCN_Distance_InfectionRates
0.3658093420185211,0.4314616,-0.065652260430896,2021-02-03,J06000165,STGCN_Distance_InfectionRates
0.3227623107485781,0.39691442,-0.07415211176347636,2021-02-05,J06000165,STGCN_Distance_InfectionRates
0.2928076311881012,0.37196454,-0.07915691286974486,2021-02-07,J06000165,STGCN_Distance_InfectionRates
0.2770181104972238,0.32168955,-0.04467143561102205,2021-02-08,J06000165,STGCN_Distance_InfectionRates
0.2436049869649067,0.2650994,-0.0214944192774639,2021-02-10,J06000165,STGCN_Distance_InfectionRates
0.6706075354219979,0.56397015,0.1066373868586129,2020-12-27,J06000166,STGCN_Distance_InfectionRates
0.6740182866021238,0.5585376,0.11548068417750224,2020-12-28,J06000166,STGCN_Distance_InfectionRates
0.6807604662956743,0.59753644,0.08322402163167286,2020-12-30,J06000166,STGCN_Distance_InfectionRates
0.6399977617326038,0.56080824,0.07918952036526372,2021-01-03,J06000166,STGCN_Distance_InfectionRates
0.6242450950354904,0.5628359,0.06140922286218109,2021-01-04,J06000166,STGCN_Distance_InfectionRates
0.5909145101797348,0.5773195,0.013595007349229471,2021-01-06,J06000166,STGCN_Distance_InfectionRates
0.5773957134140658,0.5495705,0.027825212563388324,2021-01-08,J06000166,STGCN_Distance_InfectionRates
0.5855933231433581,0.5452487,0.040344635876054635,2021-01-10,J06000166,STGCN_Distance_InfectionRates
0.5896348230062598,0.5234643,0.06617050091611087,2021-01-11,J06000166,STGCN_Distance_InfectionRates
0.5976067137630572,0.5649786,0.03262811421471734,2021-01-13,J06000166,STGCN_Distance_InfectionRates
0.5901725807426282,0.55555725,0.03461532976606574,2021-01-15,J06000166,STGCN_Distance_InfectionRates
0.5665075716809425,0.5385549,0.027952664835849683,2021-01-17,J06000166,STGCN_Distance_InfectionRates
0.5541732440380283,0.53104013,0.023133111992282407,2021-01-18,J06000166,STGCN_Distance_InfectionRates
0.5284011589576046,0.55199814,-0.02359697947012973,2021-01-20,J06000166,STGCN_Distance_InfectionRates
0.5087449012722086,0.52750266,-0.018757754710762575,2021-01-22,J06000166,STGCN_Distance_InfectionRates
0.4961291832929284,0.5082246,-0.012095423221048673,2021-01-24,J06000166,STGCN_Distance_InfectionRates
0.4896811819909404,0.48286647,0.0068147159455607675,2021-01-25,J06000166,STGCN_Distance_InfectionRates
0.4764906696287976,0.48692977,-0.01043910465556519,2021-01-27,J06000166,STGCN_Distance_InfectionRates
0.4564431907958666,0.47329304,-0.016849845426591292,2021-01-29,J06000166,STGCN_Distance_InfectionRates
0.4285576100931103,0.4604923,-0.03193470281506233,2021-01-31,J06000166,STGCN_Distance_InfectionRates
0.4139133084729526,0.43200734,-0.01809403410402799,2021-02-01,J06000166,STGCN_Distance_InfectionRates
0.3830544793597882,0.41004124,-0.02698676347811768,2021-02-03,J06000166,STGCN_Distance_InfectionRates
0.3492534913706549,0.3891581,-0.039904608519100326,2021-02-05,J06000166,STGCN_Distance_InfectionRates
0.3119654333153339,0.36871338,-0.056747945590916116,2021-02-07,J06000166,STGCN_Distance_InfectionRates
0.2920477900859922,0.33272433,-0.040676542723456055,2021-02-08,J06000166,STGCN_Distance_InfectionRates
0.2492430956907811,0.3085411,-0.059297993605559846,2021-02-10,J06000166,STGCN_Distance_InfectionRates
0.4726808481651375,0.45412534,0.01855550341187212,2020-12-28,J06000167,STGCN_Distance_InfectionRates
0.4514260967516766,0.44453612,0.006889977052198459,2021-01-03,J06000167,STGCN_Distance_InfectionRates
0.4517815776112737,0.4622859,-0.010504328465157586,2021-01-04,J06000167,STGCN_Distance_InfectionRates
0.4524916676096631,0.46645787,-0.013966205973176882,2021-01-06,J06000167,STGCN_Distance_InfectionRates
0.4654153461991568,0.45851174,0.00690360622990327,2021-01-08,J06000167,STGCN_Distance_InfectionRates
0.4895121586661974,0.45794195,0.03157020929867421,2021-01-10,J06000167,STGCN_Distance_InfectionRates
0.5010770518247659,0.4421404,0.05893665141506743,2021-01-11,J06000167,STGCN_Distance_InfectionRates
0.5233220329119704,0.48560783,0.037714200241758644,2021-01-13,J06000167,STGCN_Distance_InfectionRates
0.5250312423853077,0.5044275,0.020603749766746948,2021-01-15,J06000167,STGCN_Distance_InfectionRates
0.5064514082183861,0.50300616,0.0034452479591392526,2021-01-17,J06000167,STGCN_Distance_InfectionRates
0.4968546530374272,0.49669084,0.00016381350838973185,2021-01-18,J06000167,STGCN_Distance_InfectionRates
0.4770005225328267,0.49714932,-0.02014879592382307,2021-01-20,J06000167,STGCN_Distance_InfectionRates
0.4552585279382028,0.47762245,-0.022363921459837954,2021-01-22,J06000167,STGCN_Distance_InfectionRates
0.431381014014471,0.46972507,-0.03834405836940963,2021-01-24,J06000167,STGCN_Distance_InfectionRates
0.418931207586264,0.44142982,-0.022498616050744658,2021-01-25,J06000167,STGCN_Distance_InfectionRates
0.3929068775604606,0.43251544,-0.0396085648109078,2021-01-27,J06000167,STGCN_Distance_InfectionRates
0.3565684187569275,0.45001575,-0.09344733475068662,2021-01-31,J06000167,STGCN_Distance_InfectionRates
0.348724077197201,0.41707847,-0.06835438802611138,2021-02-01,J06000167,STGCN_Distance_InfectionRates
0.3325970950709179,0.39647958,-0.06388248175517769,2021-02-03,J06000167,STGCN_Distance_InfectionRates
0.3087089704131489,0.3770729,-0.06836393012052727,2021-02-05,J06000167,STGCN_Distance_InfectionRates
0.2757326788670642,0.36172158,-0.08598889639309815,2021-02-07,J06000167,STGCN_Distance_InfectionRates
0.2582554079188368,0.33303696,-0.07478155125245839,2021-02-08,J06000167,STGCN_Distance_InfectionRates
0.2210378878215493,0.28275448,-0.061716593017226345,2021-02-10,J06000167,STGCN_Distance_InfectionRates
0.7679165662708066,0.6319533,0.13596326722524388,2020-12-27,J06000168,STGCN_Distance_InfectionRates
0.77567928004805,0.6270052,0.1486740605885163,2020-12-28,J06000168,STGCN_Distance_InfectionRates
0.7908004526437211,0.6716046,0.11919587891706707,2020-12-30,J06000168,STGCN_Distance_InfectionRates
0.8248766800190309,0.6028595,0.22201718294871842,2021-01-03,J06000168,STGCN_Distance_InfectionRates
0.8334265988892676,0.63565737,0.197769228798783,2021-01-04,J06000168,STGCN_Distance_InfectionRates
0.8500374597763745,0.69961137,0.15042609398123896,2021-01-06,J06000168,STGCN_Distance_InfectionRates
0.836544683990353,0.69962025,0.13692443710314595,2021-01-08,J06000168,STGCN_Distance_InfectionRates
0.7899072402708305,0.7041283,0.08577891528532633,2021-01-10,J06000168,STGCN_Distance_InfectionRates
0.7645652029568943,0.6886482,0.07591697907994122,2021-01-11,J06000168,STGCN_Distance_InfectionRates
0.7089607209787174,0.71955746,-0.010596743144054788,2021-01-13,J06000168,STGCN_Distance_InfectionRates
0.6583081643220976,0.6710599,-0.012751742160598933,2021-01-15,J06000168,STGCN_Distance_InfectionRates
0.6154735620412913,0.60807836,0.007395201483735181,2021-01-17,J06000168,STGCN_Distance_InfectionRates
0.5923601798383085,0.581192,0.011168163236745965,2021-01-18,J06000168,STGCN_Distance_InfectionRates
0.5420797315296592,0.5887365,-0.04665674298434841,2021-01-20,J06000168,STGCN_Distance_InfectionRates
0.501958720988765,0.5458991,-0.04394037216232749,2021-01-22,J06000168,STGCN_Distance_InfectionRates
0.4755738540164173,0.50890124,-0.03332738442505001,2021-01-24,J06000168,STGCN_Distance_InfectionRates
0.4617548961420232,0.47473928,-0.012984387181264767,2021-01-25,J06000168,STGCN_Distance_InfectionRates
0.4327234995437143,0.46347165,-0.0307481515335562,2021-01-27,J06000168,STGCN_Distance_InfectionRates
0.4272361103546733,0.43893304,-0.011696934317339036,2021-01-29,J06000168,STGCN_Distance_InfectionRates
0.4461780343019872,0.4296747,0.016503319498291535,2021-01-31,J06000168,STGCN_Distance_InfectionRates
0.4553479329797487,0.4131993,0.04214862744538589,2021-02-01,J06000168,STGCN_Distance_InfectionRates
0.473126551723967,0.41686583,0.05626072607089083,2021-02-03,J06000168,STGCN_Distance_InfectionRates
0.4562551781397737,0.43586025,0.02039493171986706,2021-02-05,J06000168,STGCN_Distance_InfectionRates
0.4002818616882346,0.44038358,-0.04010172161903164,2021-02-07,J06000168,STGCN_Distance_InfectionRates
0.3693347649401651,0.4208585,-0.051523737447835394,2021-02-08,J06000168,STGCN_Distance_InfectionRates
0.2999184959589957,0.40254062,-0.10262212818269739,2021-02-10,J06000168,STGCN_Distance_InfectionRates
0.6311517547557055,0.5469549,0.08419688453170648,2020-12-27,J06000169,STGCN_Distance_InfectionRates
0.6268040103134644,0.54211444,0.08468957368703012,2020-12-28,J06000169,STGCN_Distance_InfectionRates
0.6179757251042354,0.56806105,0.049914671351336204,2020-12-30,J06000169,STGCN_Distance_InfectionRates
0.5738114348262499,0.54613614,0.027675294002885598,2021-01-03,J06000169,STGCN_Distance_InfectionRates
0.5597353281793727,0.5357656,0.02396973989583384,2021-01-04,J06000169,STGCN_Distance_InfectionRates
0.5301357627047326,0.53786606,-0.007730293260690968,2021-01-06,J06000169,STGCN_Distance_InfectionRates
0.5300592682979136,0.50621086,0.023848404707673132,2021-01-08,J06000169,STGCN_Distance_InfectionRates
0.5595209303824894,0.49680722,0.06271371278452798,2021-01-10,J06000169,STGCN_Distance_InfectionRates
0.5735346679386586,0.48322394,0.09031072303623855,2021-01-11,J06000169,STGCN_Distance_InfectionRates
0.6002744259054285,0.5437211,0.056553346079073474,2021-01-13,J06000169,STGCN_Distance_InfectionRates
0.601460462005314,0.5473701,0.054090385825809606,2021-01-15,J06000169,STGCN_Distance_InfectionRates
0.577307472476998,0.54777515,0.029532323131600036,2021-01-17,J06000169,STGCN_Distance_InfectionRates
0.564707837999041,0.5461425,0.018565319478685782,2021-01-18,J06000169,STGCN_Distance_InfectionRates
0.5383559139561692,0.56034416,-0.021988245646949678,2021-01-20,J06000169,STGCN_Distance_InfectionRates
0.5105675580526999,0.53519046,-0.024622905013401142,2021-01-22,J06000169,STGCN_Distance_InfectionRates
0.4811639654869168,0.5116454,-0.030481411195364683,2021-01-24,J06000169,STGCN_Distance_InfectionRates
0.4656802929892266,0.47973803,-0.014057733868149513,2021-01-25,J06000169,STGCN_Distance_InfectionRates
0.432951464590508,0.47001037,-0.03705890542559004,2021-01-27,J06000169,STGCN_Distance_InfectionRates
0.4051924362806234,0.45456833,-0.04937589019261268,2021-01-29,J06000169,STGCN_Distance_InfectionRates
0.3835695855770977,0.42415997,-0.040590388282689294,2021-01-31,J06000169,STGCN_Distance_InfectionRates
0.3723405710015862,0.39816734,-0.025826770945969357,2021-02-01,J06000169,STGCN_Distance_InfectionRates
0.3489721114414567,0.3805391,-0.03156697799984276,2021-02-03,J06000169,STGCN_Distance_InfectionRates
0.3206246322457803,0.3618894,-0.04126475989174716,2021-02-05,J06000169,STGCN_Distance_InfectionRates
0.286348718119814,0.34476575,-0.058417034434125825,2021-02-07,J06000169,STGCN_Distance_InfectionRates
0.2681398761021779,0.2965518,-0.028411917711527568,2021-02-08,J06000169,STGCN_Distance_InfectionRates
0.2292582578863666,0.26009983,-0.030841570356889003,2021-02-10,J06000169,STGCN_Distance_InfectionRates
0.662694073279053,0.45616922,0.20652485545411714,2020-12-30,J06000170,STGCN_Distance_InfectionRates
0.6301031973414588,0.5207826,0.10932060742904426,2021-01-03,J06000170,STGCN_Distance_InfectionRates
0.6206067829603968,0.53171307,0.08889371447513683,2021-01-04,J06000170,STGCN_Distance_InfectionRates
0.6009673370714927,0.55413276,0.04683457750041731,2021-01-06,J06000170,STGCN_Distance_InfectionRates
0.5890405275571339,0.53730905,0.051731476997136316,2021-01-08,J06000170,STGCN_Distance_InfectionRates
0.5854915415264432,0.5282063,0.05728525271189855,2021-01-10,J06000170,STGCN_Distance_InfectionRates
0.5837061132689424,0.51302457,0.07068154471120314,2021-01-11,J06000170,STGCN_Distance_InfectionRates
0.580113084493155,0.52441376,0.055699320016378895,2021-01-13,J06000170,STGCN_Distance_InfectionRates
0.5708738667226888,0.5308626,0.04001123730908407,2021-01-15,J06000170,STGCN_Distance_InfectionRates
0.5556181463164336,0.5218415,0.03377662028493944,2021-01-17,J06000170,STGCN_Distance_InfectionRates
0.5477845019991735,0.49687156,0.05091294118717704,2021-01-18,J06000170,STGCN_Distance_InfectionRates
0.5316801275793996,0.51220703,0.019473096329399642,2021-01-20,J06000170,STGCN_Distance_InfectionRates
0.5239245184931574,0.49938485,0.024539668229561773,2021-01-22,J06000170,STGCN_Distance_InfectionRates
0.5249750112979169,0.4864274,0.03854761476204349,2021-01-24,J06000170,STGCN_Distance_InfectionRates
0.5254993063654799,0.46243873,0.06306057397984455,2021-01-25,J06000170,STGCN_Distance_InfectionRates
0.5265460014721625,0.46927005,0.05727595094649718,2021-01-27,J06000170,STGCN_Distance_InfectionRates
0.515570955195345,0.48012587,0.03544508091441545,2021-01-29,J06000170,STGCN_Distance_InfectionRates
0.4916205379256436,0.4778672,0.01375335185615506,2021-01-31,J06000170,STGCN_Distance_InfectionRates
0.479131094471909,0.46142563,0.01770546223352093,2021-02-01,J06000170,STGCN_Distance_InfectionRates
0.4530201344447019,0.4529953,2.4834151733155174e-05,2021-02-03,J06000170,STGCN_Distance_InfectionRates
0.4187830505652904,0.43846142,-0.019678372354936635,2021-02-05,J06000170,STGCN_Distance_InfectionRates
0.3744711379242329,0.41699404,-0.042522897319755115,2021-02-07,J06000170,STGCN_Distance_InfectionRates
0.3504956518852882,0.37673104,-0.0262353862082787,2021-02-08,J06000170,STGCN_Distance_InfectionRates
0.2981666922010043,0.35137582,-0.0532091260515592,2021-02-10,J06000170,STGCN_Distance_InfectionRates
0.4985818762310559,0.41225398,0.08632790036283078,2020-12-27,J06000171,STGCN_Distance_InfectionRates
0.5149327581814342,0.4193364,0.09559634980474052,2020-12-28,J06000171,STGCN_Distance_InfectionRates
0.5458960939299656,0.4577029,0.08819318899031414,2020-12-30,J06000171,STGCN_Distance_InfectionRates
0.569582415385121,0.4797592,0.08982322887884964,2021-01-03,J06000171,STGCN_Distance_InfectionRates
0.5725398103234188,0.507055,0.06548482575386927,2021-01-04,J06000171,STGCN_Distance_InfectionRates
0.578394860864279,0.5385603,0.03983458960115649,2021-01-06,J06000171,STGCN_Distance_InfectionRates
0.6001089582922458,0.5343732,0.06573573451066006,2021-01-08,J06000171,STGCN_Distance_InfectionRates
0.6354587179260631,0.5462924,0.08916629372409779,2021-01-10,J06000171,STGCN_Distance_InfectionRates
0.6521100583704226,0.5415365,0.11057354837973044,2021-01-11,J06000171,STGCN_Distance_InfectionRates
0.6836117640932575,0.59737337,0.08623839773736153,2021-01-13,J06000171,STGCN_Distance_InfectionRates
0.6938313423593331,0.6082063,0.08562507023408894,2021-01-15,J06000171,STGCN_Distance_InfectionRates
0.6842472601338663,0.599772,0.08447528366291901,2021-01-17,J06000171,STGCN_Distance_InfectionRates
0.6793747204922124,0.60560334,0.07377138320430954,2021-01-18,J06000171,STGCN_Distance_InfectionRates
0.6694625079847931,0.637656,0.03180653455034488,2021-01-20,J06000171,STGCN_Distance_InfectionRates
0.6450168787791289,0.6165245,0.028492361242965614,2021-01-22,J06000171,STGCN_Distance_InfectionRates
0.6033982062136996,0.5978201,0.005578103045212002,2021-01-24,J06000171,STGCN_Distance_InfectionRates
0.580990922919898,0.5761583,0.004832637778906745,2021-01-25,J06000171,STGCN_Distance_InfectionRates
0.5323781145144846,0.57214326,-0.039765142149791544,2021-01-27,J06000171,STGCN_Distance_InfectionRates
0.4945019582152453,0.53690016,-0.042398204481593094,2021-01-29,J06000171,STGCN_Distance_InfectionRates
0.4708406446653799,0.5052662,-0.03442554490981542,2021-01-31,J06000171,STGCN_Distance_InfectionRates
0.4585083244555866,0.4691599,-0.01065157668653377,2021-02-01,J06000171,STGCN_Distance_InfectionRates
0.432740622403702,0.44906056,-0.016319936869064133,2021-02-03,J06000171,STGCN_Distance_InfectionRates
0.4013509056577906,0.43988883,-0.038537929295517526,2021-02-05,J06000171,STGCN_Distance_InfectionRates
0.3631526744185321,0.42614,-0.06298733593837097,2021-02-07,J06000171,STGCN_Distance_InfectionRates
0.3427150173657369,0.39598405,-0.053269036246018475,2021-02-08,J06000171,STGCN_Distance_InfectionRates
0.2987063156727556,0.36721575,-0.06850943692886796,2021-02-10,J06000171,STGCN_Distance_InfectionRates
0.7566906770572717,0.6000249,0.15666579807854242,2020-12-27,J06000172,STGCN_Distance_InfectionRates
0.7704711486780493,0.6061081,0.16436301965354372,2020-12-28,J06000172,STGCN_Distance_InfectionRates
0.7967858400496987,0.664653,0.13213283683390886,2020-12-30,J06000172,STGCN_Distance_InfectionRates
0.7760323914517069,0.60891783,0.16711455907713413,2021-01-03,J06000172,STGCN_Distance_InfectionRates
0.7643264180227091,0.6180005,0.14632591066797274,2021-01-04,J06000172,STGCN_Distance_InfectionRates
0.7399231399433298,0.6667977,0.07312544239923191,2021-01-06,J06000172,STGCN_Distance_InfectionRates
0.7283496450184009,0.6479141,0.08043553340417364,2021-01-08,J06000172,STGCN_Distance_InfectionRates
0.7306651448290111,0.63924056,0.09142458191320912,2021-01-10,J06000172,STGCN_Distance_InfectionRates
0.7318182816042874,0.6287089,0.10310938258313873,2021-01-11,J06000172,STGCN_Distance_InfectionRates
0.7341154101937487,0.66679233,0.06732307706768059,2021-01-13,J06000172,STGCN_Distance_InfectionRates
0.7175455820119762,0.66065705,0.056888533786573325,2021-01-15,J06000172,STGCN_Distance_InfectionRates
0.6797909165599897,0.62716603,0.05262488376885199,2021-01-17,J06000172,STGCN_Distance_InfectionRates
0.6596068981053985,0.6105955,0.049011373794332846,2021-01-18,J06000172,STGCN_Distance_InfectionRates
0.6161860523707502,0.6363119,-0.02012583632401299,2021-01-20,J06000172,STGCN_Distance_InfectionRates
0.5786790850464878,0.59796625,-0.01928716871098901,2021-01-22,J06000172,STGCN_Distance_InfectionRates
0.5491327610920305,0.5647234,-0.015590611367381157,2021-01-24,J06000172,STGCN_Distance_InfectionRates
0.5335699318896785,0.52634346,0.0072264670382991,2021-01-25,J06000172,STGCN_Distance_InfectionRates
0.5006641503584784,0.51476645,-0.01410230433817683,2021-01-27,J06000172,STGCN_Distance_InfectionRates
0.4796792014252871,0.5032398,-0.023560609041479275,2021-01-29,J06000172,STGCN_Distance_InfectionRates
0.4724965366475496,0.47894347,-0.006446930492648162,2021-01-31,J06000172,STGCN_Distance_InfectionRates
0.4688601604718175,0.4555269,0.013333272101303584,2021-02-01,J06000172,STGCN_Distance_InfectionRates
0.4614947704951813,0.44042963,0.02106514259982606,2021-02-03,J06000172,STGCN_Distance_InfectionRates
0.4520581843301373,0.44269177,0.009366411153944043,2021-02-05,J06000172,STGCN_Distance_InfectionRates
0.4404151630494177,0.44346544,-0.003050278415960117,2021-02-07,J06000172,STGCN_Distance_InfectionRates
0.43447446918496,0.42504457,0.009429902792061462,2021-02-08,J06000172,STGCN_Distance_InfectionRates
0.4223435915543367,0.4186782,0.003665397269897619,2021-02-10,J06000172,STGCN_Distance_InfectionRates
0.6457713342901205,0.5109403,0.13483102095088706,2020-12-27,J06000173,STGCN_Distance_InfectionRates
0.6624079957301577,0.51988834,0.14251965430330837,2020-12-28,J06000173,STGCN_Distance_InfectionRates
0.6938834233490369,0.5651609,0.12872255279697387,2020-12-30,J06000173,STGCN_Distance_InfectionRates
0.6437767367762922,0.54545945,0.09831728748506297,2021-01-03,J06000173,STGCN_Distance_InfectionRates
0.6197406485528416,0.5530384,0.06670223025984234,2021-01-04,J06000173,STGCN_Distance_InfectionRates
0.5672671697581158,0.5627867,0.0044804714167461235,2021-01-06,J06000173,STGCN_Distance_InfectionRates
0.5504665078404882,0.5327761,0.017690390515659127,2021-01-08,J06000173,STGCN_Distance_InfectionRates
0.5735570127737092,0.52490306,0.04865395376797188,2021-01-10,J06000173,STGCN_Distance_InfectionRates
0.5846576319036124,0.5088337,0.07582392552467565,2021-01-11,J06000173,STGCN_Distance_InfectionRates
0.6060422994570552,0.5379128,0.06812951345012774,2021-01-13,J06000173,STGCN_Distance_InfectionRates
0.5998450335299149,0.54076254,0.059082489851631226,2021-01-15,J06000173,STGCN_Distance_InfectionRates
0.5648198906521809,0.5302208,0.034599084053517526,2021-01-17,J06000173,STGCN_Distance_InfectionRates
0.5461877415858517,0.52190185,0.02428589565384487,2021-01-18,J06000173,STGCN_Distance_InfectionRates
0.5063390240304156,0.53354144,-0.027202416933329476,2021-01-20,J06000173,STGCN_Distance_InfectionRates
0.477710216725138,0.5011171,-0.023406893527242345,2021-01-22,J06000173,STGCN_Distance_InfectionRates
0.4628497798995964,0.48494765,-0.02209787172508315,2021-01-24,J06000173,STGCN_Distance_InfectionRates
0.4552244245984809,0.46294817,-0.007723748686049747,2021-01-25,J06000173,STGCN_Distance_InfectionRates
0.4395599059515446,0.45578367,-0.016223759228661705,2021-01-27,J06000173,STGCN_Distance_InfectionRates
0.4193704837768075,0.43388307,-0.014512587168932223,2021-01-29,J06000173,STGCN_Distance_InfectionRates
0.3940222580384892,0.4217936,-0.027771351819069978,2021-01-31,J06000173,STGCN_Distance_InfectionRates
0.3807708451456887,0.39505085,-0.01428000834514076,2021-02-01,J06000173,STGCN_Distance_InfectionRates
0.3529896259877777,0.36400485,-0.01101522439979552,2021-02-03,J06000173,STGCN_Distance_InfectionRates
0.3244204873084331,0.35864916,-0.03422867712981459,2021-02-05,J06000173,STGCN_Distance_InfectionRates
0.2950281449934175,0.34704182,-0.05201367052591538,2021-02-07,J06000173,STGCN_Distance_InfectionRates
0.2795507099981668,0.33319438,-0.05364366503998019,2021-02-08,J06000173,STGCN_Distance_InfectionRates
0.2468358209691481,0.31271872,-0.06588289827485519,2021-02-10,J06000173,STGCN_Distance_InfectionRates
0.5516645058859693,0.48325947,0.06840503661526309,2020-12-27,J06000174,STGCN_Distance_InfectionRates
0.555497202100229,0.47503743,0.08045977634377455,2020-12-28,J06000174,STGCN_Distance_InfectionRates
0.5630625911915277,0.5032284,0.059834165211913426,2020-12-30,J06000174,STGCN_Distance_InfectionRates
0.5470574885345519,0.49420145,0.05285603699455865,2021-01-03,J06000174,STGCN_Distance_InfectionRates
0.5402733114405421,0.50422555,0.03604775935848037,2021-01-04,J06000174,STGCN_Distance_InfectionRates
0.5263785032027886,0.51611495,0.01026355302273485,2021-01-06,J06000174,STGCN_Distance_InfectionRates
0.5267713565668697,0.4959589,0.030812462075674008,2021-01-08,J06000174,STGCN_Distance_InfectionRates
0.5414137791823911,0.50285244,0.03856133930201999,2021-01-10,J06000174,STGCN_Distance_InfectionRates
0.5485539291560074,0.48519266,0.06336127263897862,2021-01-11,J06000174,STGCN_Distance_InfectionRates
0.5624914253238104,0.52554476,0.0369466627124212,2021-01-13,J06000174,STGCN_Distance_InfectionRates
0.5558436866515409,0.524254,0.03158966262276286,2021-01-15,J06000174,STGCN_Distance_InfectionRates
0.5276206305504472,0.5102189,0.01740171222693032,2021-01-17,J06000174,STGCN_Distance_InfectionRates
0.5127901185634092,0.4988637,0.013926421511407217,2021-01-18,J06000174,STGCN_Distance_InfectionRates
0.4815174451326175,0.51687753,-0.03536008687269254,2021-01-20,J06000174,STGCN_Distance_InfectionRates
0.4560300291701065,0.48309848,-0.02706844795506136,2021-01-22,J06000174,STGCN_Distance_InfectionRates
0.4375271842037156,0.46194556,-0.02441837935104818,2021-01-24,J06000174,STGCN_Distance_InfectionRates
0.4279714983297599,0.43550494,-0.007533444802640621,2021-01-25,J06000174,STGCN_Distance_InfectionRates
0.4082052566740466,0.43293837,-0.02473311045432558,2021-01-27,J06000174,STGCN_Distance_InfectionRates
0.3894854673742144,0.41286802,-0.02338255554448676,2021-01-29,J06000174,STGCN_Distance_InfectionRates
0.3719933987496913,0.4018545,-0.029861086523669922,2021-01-31,J06000174,STGCN_Distance_InfectionRates
0.3629758701399831,0.36917955,-0.006203676693055216,2021-02-01,J06000174,STGCN_Distance_InfectionRates
0.344358885923968,0.34337932,0.000979567209826171,2021-02-03,J06000174,STGCN_Distance_InfectionRates
0.3241502607370728,0.3404927,-0.01634243483291925,2021-02-05,J06000174,STGCN_Distance_InfectionRates
0.3021581765433421,0.3353478,-0.03318962490357258,2021-02-07,J06000174,STGCN_Distance_InfectionRates
0.2907299078946024,0.322073,-0.03134310469580592,2021-02-08,J06000174,STGCN_Distance_InfectionRates
0.2669295811309162,0.31440005,-0.04747046593291132,2021-02-10,J06000174,STGCN_Distance_InfectionRates
0.63240798854932,0.48871762,0.14369037294491938,2020-12-28,J06000175,STGCN_Distance_InfectionRates
0.5578921951162369,0.46962517,0.08826702011699983,2021-01-03,J06000175,STGCN_Distance_InfectionRates
0.5388745990048021,0.50253236,0.03634223606687481,2021-01-04,J06000175,STGCN_Distance_InfectionRates
0.4981425780586503,0.5242703,-0.02612771803815145,2021-01-06,J06000175,STGCN_Distance_InfectionRates
0.4862215696846198,0.51075494,-0.024533373209362108,2021-01-08,J06000175,STGCN_Distance_InfectionRates
0.5055064103568766,0.49241385,0.013092561718342055,2021-01-10,J06000175,STGCN_Distance_InfectionRates
0.5148369273587958,0.46500462,0.04983230442254705,2021-01-11,J06000175,STGCN_Distance_InfectionRates
0.5329172947828937,0.49987987,0.033037427944438535,2021-01-13,J06000175,STGCN_Distance_InfectionRates
0.5474874694834285,0.5127548,0.034732671547942684,2021-01-15,J06000175,STGCN_Distance_InfectionRates
0.5588690649772443,0.51442325,0.04444581382520574,2021-01-17,J06000175,STGCN_Distance_InfectionRates
0.5644499279792572,0.5197629,0.044687054329660025,2021-01-18,J06000175,STGCN_Distance_InfectionRates
0.5754010059035829,0.5412577,0.034143326441150035,2021-01-20,J06000175,STGCN_Distance_InfectionRates
0.5677374568709753,0.5365359,0.031201538158359354,2021-01-22,J06000175,STGCN_Distance_InfectionRates
0.5404266421727933,0.53875375,0.0016728942327298713,2021-01-24,J06000175,STGCN_Distance_InfectionRates
0.5260989656135892,0.52365977,0.002439199893221722,2021-01-25,J06000175,STGCN_Distance_InfectionRates
0.4959425112256387,0.52338094,-0.02743842396646945,2021-01-27,J06000175,STGCN_Distance_InfectionRates
0.4355608167862133,0.50333124,-0.06777042720563853,2021-01-31,J06000175,STGCN_Distance_InfectionRates
0.4196607291189229,0.46565557,-0.04599483614291794,2021-02-01,J06000175,STGCN_Distance_InfectionRates
0.3859998421399852,0.45389464,-0.067894802835677,2021-02-03,J06000175,STGCN_Distance_InfectionRates
0.3530540290670904,0.421536,-0.06848196951574959,2021-02-05,J06000175,STGCN_Distance_InfectionRates
0.3212179545784104,0.40114358,-0.07992562609671472,2021-02-07,J06000175,STGCN_Distance_InfectionRates
0.3043797140939772,0.37237868,-0.0679989630357683,2021-02-08,J06000175,STGCN_Distance_InfectionRates
0.2686083116025899,0.33658996,-0.0679816506414439,2021-02-10,J06000175,STGCN_Distance_InfectionRates
0.7191077882160659,0.5931194,0.12598840535778955,2020-12-27,J06000176,STGCN_Distance_InfectionRates
0.7243419986704733,0.59152925,0.13281274852551483,2020-12-28,J06000176,STGCN_Distance_InfectionRates
0.7346248867962498,0.6330112,0.10161366491056867,2020-12-30,J06000176,STGCN_Distance_InfectionRates
0.7732234369634384,0.5773008,0.19592264999139253,2021-01-03,J06000176,STGCN_Distance_InfectionRates
0.7838536222390539,0.60766375,0.17618987159055532,2021-01-04,J06000176,STGCN_Distance_InfectionRates
0.8043638787226088,0.66447276,0.13989111995261982,2021-01-06,J06000176,STGCN_Distance_InfectionRates
0.8278100937495388,0.666639,0.1611711233744778,2021-01-08,J06000176,STGCN_Distance_InfectionRates
0.8536918408463302,0.6843996,0.16929223604896693,2021-01-10,J06000176,STGCN_Distance_InfectionRates
0.8660763842308248,0.69316834,0.1729080421173299,2021-01-11,J06000176,STGCN_Distance_InfectionRates
0.8898338203692849,0.76516795,0.12466586878542263,2021-01-13,J06000176,STGCN_Distance_InfectionRates
0.8733033350856562,0.7531371,0.1201662234218378,2021-01-15,J06000176,STGCN_Distance_InfectionRates
0.8113762613976622,0.7150851,0.09629117219096661,2021-01-17,J06000176,STGCN_Distance_InfectionRates
0.7767521188005875,0.71093,0.06582212898582918,2021-01-18,J06000176,STGCN_Distance_InfectionRates
0.6979293732971291,0.734477,-0.036547610250081575,2021-01-20,J06000176,STGCN_Distance_InfectionRates
0.6389947554744231,0.67711836,-0.038123605521823256,2021-01-22,J06000176,STGCN_Distance_InfectionRates
0.6108516060701888,0.623654,-0.012802401841493283,2021-01-24,J06000176,STGCN_Distance_InfectionRates
0.5960652048636736,0.5869682,0.009097021346217593,2021-01-25,J06000176,STGCN_Distance_InfectionRates
0.5648906173877933,0.5780889,-0.013198262197472777,2021-01-27,J06000176,STGCN_Distance_InfectionRates
0.5374297437340129,0.54841775,-0.01098800328670857,2021-01-29,J06000176,STGCN_Distance_InfectionRates
0.5145738244576168,0.52639323,-0.011819410272150055,2021-01-31,J06000176,STGCN_Distance_InfectionRates
0.502678373106305,0.49483633,0.007842042692486673,2021-02-01,J06000176,STGCN_Distance_InfectionRates
0.4778629988027746,0.47526377,0.002599224407785594,2021-02-03,J06000176,STGCN_Distance_InfectionRates
0.4519609625555262,0.45929107,-0.00733010814416557,2021-02-05,J06000176,STGCN_Distance_InfectionRates
0.4248601294707779,0.4473896,-0.02252947319035492,2021-02-07,J06000176,STGCN_Distance_InfectionRates
0.4106479648894289,0.4339213,-0.023273342435934263,2021-02-08,J06000176,STGCN_Distance_InfectionRates
0.3807473428570299,0.42874974,-0.0480023972667189,2021-02-10,J06000176,STGCN_Distance_InfectionRates
0.4769977158472942,0.42557198,0.05142573775510062,2020-12-27,J06000177,STGCN_Distance_InfectionRates
0.4770285342927441,0.42162365,0.05540488707976193,2020-12-28,J06000177,STGCN_Distance_InfectionRates
0.4770901646235955,0.4422085,0.03488166590724112,2020-12-30,J06000177,STGCN_Distance_InfectionRates
0.4797646427904405,0.4524619,0.02730274446356673,2021-01-03,J06000177,STGCN_Distance_InfectionRates
0.4806423007817358,0.46627063,0.014371675190457733,2021-01-04,J06000177,STGCN_Distance_InfectionRates
0.4823923136889553,0.48213685,0.0002554681002712167,2021-01-06,J06000177,STGCN_Distance_InfectionRates
0.4862682356900839,0.4733926,0.012875629908528752,2021-01-08,J06000177,STGCN_Distance_InfectionRates
0.4922137335412138,0.47216243,0.020051308023177894,2021-01-10,J06000177,STGCN_Distance_InfectionRates
0.4951562357094219,0.45136917,0.04378706933521537,2021-01-11,J06000177,STGCN_Distance_InfectionRates
0.5009820975285733,0.48510632,0.0158757783395016,2021-01-13,J06000177,STGCN_Distance_InfectionRates
0.505603264416476,0.4871426,0.018460671747942636,2021-01-15,J06000177,STGCN_Distance_InfectionRates
0.5090571197542128,0.48248932,0.026567802098649396,2021-01-17,J06000177,STGCN_Distance_InfectionRates
0.5107738013103187,0.47883436,0.031939440472382286,2021-01-18,J06000177,STGCN_Distance_InfectionRates
0.5141869404381353,0.5025734,0.011613569504602572,2021-01-20,J06000177,STGCN_Distance_InfectionRates
0.4980378626564786,0.49648646,0.0015514074543759304,2021-01-22,J06000177,STGCN_Distance_InfectionRates
0.45998356246152,0.49293298,-0.03294941283068581,2021-01-24,J06000177,STGCN_Distance_InfectionRates
0.4396282523043482,0.46415597,-0.024527719699588557,2021-01-25,J06000177,STGCN_Distance_InfectionRates
0.3958105301851507,0.45659885,-0.06078831791932621,2021-01-27,J06000177,STGCN_Distance_InfectionRates
0.3704881010797576,0.4176404,-0.04715228693217477,2021-01-29,J06000177,STGCN_Distance_InfectionRates
0.3671977959129079,0.40002963,-0.03283183355600994,2021-01-31,J06000177,STGCN_Distance_InfectionRates
0.3655432478540372,0.37638685,-0.010843603218274211,2021-02-01,J06000177,STGCN_Distance_InfectionRates
0.3622151206298996,0.37108716,-0.00887204305685274,2021-02-03,J06000177,STGCN_Distance_InfectionRates
0.3442838666178901,0.3774838,-0.03319991853454518,2021-02-05,J06000177,STGCN_Distance_InfectionRates
0.3098204997851001,0.37468737,-0.06486687385305295,2021-02-07,J06000177,STGCN_Distance_InfectionRates
0.2915058559553616,0.35119468,-0.05968882378172946,2021-02-08,J06000177,STGCN_Distance_InfectionRates
0.2523828099977469,0.31326103,-0.06087822210674526,2021-02-10,J06000177,STGCN_Distance_InfectionRates
0.5895840752745086,0.53194916,0.05763491279129329,2020-12-27,J06000178,STGCN_Distance_InfectionRates
0.5794097813783374,0.51537615,0.06403363077027469,2020-12-28,J06000178,STGCN_Distance_InfectionRates
0.5583169398761308,0.5320484,0.02626853565936449,2020-12-30,J06000178,STGCN_Distance_InfectionRates
0.5578077932317154,0.49543434,0.06237344941686551,2021-01-03,J06000178,STGCN_Distance_InfectionRates
0.5612309200944844,0.50451875,0.05671217276477247,2021-01-04,J06000178,STGCN_Distance_InfectionRates
0.5679972782099435,0.5224008,0.04559648179652187,2021-01-06,J06000178,STGCN_Distance_InfectionRates
0.5736697216228687,0.51588124,0.05778848125497926,2021-01-08,J06000178,STGCN_Distance_InfectionRates
0.5782893848960806,0.5282161,0.050073261315148,2021-01-10,J06000178,STGCN_Distance_InfectionRates
0.5805809187123169,0.513994,0.06658694021195066,2021-01-11,J06000178,STGCN_Distance_InfectionRates
0.5851280287534797,0.55195624,0.033171792391022414,2021-01-13,J06000178,STGCN_Distance_InfectionRates
0.5836102521033907,0.5444068,0.03920348044353961,2021-01-15,J06000178,STGCN_Distance_InfectionRates
0.5759632330958478,0.52806735,0.047895882708274606,2021-01-17,J06000178,STGCN_Distance_InfectionRates
0.5720886305920669,0.52362275,0.048465879356105024,2021-01-18,J06000178,STGCN_Distance_InfectionRates
0.5642341546990585,0.5529612,0.011272984025688104,2021-01-20,J06000178,STGCN_Distance_InfectionRates
0.5464423712141322,0.5375224,0.008919995630483513,2021-01-22,J06000178,STGCN_Distance_InfectionRates
0.5174293672800121,0.5270463,-0.009616955542558703,2021-01-24,J06000178,STGCN_Distance_InfectionRates
0.5021621028164727,0.5022548,-9.268129073558562e-05,2021-01-25,J06000178,STGCN_Distance_InfectionRates
0.4699165179307226,0.5023611,-0.03244460086276496,2021-01-27,J06000178,STGCN_Distance_InfectionRates
0.448293744248474,0.47165033,-0.023356587963974107,2021-01-29,J06000178,STGCN_Distance_InfectionRates
0.4390371943253598,0.4533983,-0.014361092970935352,2021-01-31,J06000178,STGCN_Distance_InfectionRates
0.4343338671671382,0.42462063,0.009713238810204583,2021-02-01,J06000178,STGCN_Distance_InfectionRates
0.4247715898065474,0.41017324,0.014598352482786403,2021-02-03,J06000178,STGCN_Distance_InfectionRates
0.3981949717495193,0.40930465,-0.011109676888252318,2021-02-05,J06000178,STGCN_Distance_InfectionRates
0.3512075466668574,0.40179652,-0.050588973089459754,2021-02-07,J06000178,STGCN_Distance_InfectionRates
0.3256588415912069,0.38638434,-0.06072549654928078,2021-02-08,J06000178,STGCN_Distance_InfectionRates
0.2695559323623154,0.3667109,-0.09715496889806058,2021-02-10,J06000178,STGCN_Distance_InfectionRates
0.5881771915198716,0.48717207,0.10100512435449682,2020-12-27,J06000179,STGCN_Distance_InfectionRates
0.6023288099874151,0.48800054,0.11432826806198482,2020-12-28,J06000179,STGCN_Distance_InfectionRates
0.6293195173914361,0.5234503,0.10586920239280939,2020-12-30,J06000179,STGCN_Distance_InfectionRates
0.5956028303916334,0.51535845,0.08024438236306897,2021-01-03,J06000179,STGCN_Distance_InfectionRates
0.5788848505503809,0.5222013,0.05668355088302246,2021-01-04,J06000179,STGCN_Distance_InfectionRates
0.5433848214978863,0.52635807,0.017026753508536885,2021-01-06,J06000179,STGCN_Distance_InfectionRates
0.525937772481604,0.50944877,0.01648900577322998,2021-01-08,J06000179,STGCN_Distance_InfectionRates
0.5288312472305993,0.5025178,0.026313427825997215,2021-01-10,J06000179,STGCN_Distance_InfectionRates
0.5302707874327586,0.48726925,0.04300153489407754,2021-01-11,J06000179,STGCN_Distance_InfectionRates
0.5331356316609706,0.4982269,0.03490872083142649,2021-01-13,J06000179,STGCN_Distance_InfectionRates
0.527346661745355,0.49257082,0.03477584427480451,2021-01-15,J06000179,STGCN_Distance_InfectionRates
0.5125481935768887,0.48109812,0.031450078132705395,2021-01-17,J06000179,STGCN_Distance_InfectionRates
0.5049554655342444,0.47365618,0.031299288013492466,2021-01-18,J06000179,STGCN_Distance_InfectionRates
0.4893597882911955,0.4876115,0.0017482858822141512,2021-01-20,J06000179,STGCN_Distance_InfectionRates
0.4687501876462041,0.47272682,-0.003976634253209987,2021-01-22,J06000179,STGCN_Distance_InfectionRates
0.4424049255564893,0.47098646,-0.028581530122450516,2021-01-24,J06000179,STGCN_Distance_InfectionRates
0.4286076892863313,0.4521515,-0.023543817852874627,2021-01-25,J06000179,STGCN_Distance_InfectionRates
0.3996242370356533,0.43985403,-0.04022978880510597,2021-01-27,J06000179,STGCN_Distance_InfectionRates
0.3721447056734754,0.4073281,-0.03518339333889947,2021-01-29,J06000179,STGCN_Distance_InfectionRates
0.3466033177217779,0.38427126,-0.03766794635445503,2021-01-31,J06000179,STGCN_Distance_InfectionRates
0.3332463103535576,0.3523767,-0.01913038909407422,2021-02-01,J06000179,STGCN_Distance_InfectionRates
0.3052328855788316,0.32267183,-0.017438945075312684,2021-02-03,J06000179,STGCN_Distance_InfectionRates
0.27548072755798,0.31631675,-0.040836026067889775,2021-02-05,J06000179,STGCN_Distance_InfectionRates
0.2437477131014361,0.29209596,-0.04834824608511787,2021-02-07,J06000179,STGCN_Distance_InfectionRates
0.2269671033639095,0.2598249,-0.03285779845531964,2021-02-08,J06000179,STGCN_Distance_InfectionRates
0.1913257777286308,0.2308487,-0.03952292207948993,2021-02-10,J06000179,STGCN_Distance_InfectionRates
0.5561735691012957,0.44822782,0.10794574632068654,2020-12-30,J06000180,STGCN_Distance_InfectionRates
0.5673538440702679,0.5001123,0.06724154891951106,2021-01-03,J06000180,STGCN_Distance_InfectionRates
0.5685835075122412,0.5080777,0.06050582644763547,2021-01-04,J06000180,STGCN_Distance_InfectionRates
0.571032438405001,0.53114635,0.03988609088226536,2021-01-06,J06000180,STGCN_Distance_InfectionRates
0.5801039527755978,0.5355136,0.04459037293016932,2021-01-08,J06000180,STGCN_Distance_InfectionRates
0.5953948760083093,0.5474633,0.04793157816437621,2021-01-10,J06000180,STGCN_Distance_InfectionRates
0.6028430748249544,0.5363498,0.06649330141797194,2021-01-11,J06000180,STGCN_Distance_InfectionRates
0.6173668775211282,0.5776805,0.039686349357218265,2021-01-13,J06000180,STGCN_Distance_InfectionRates
0.609642982024645,0.59529215,0.014350831050371271,2021-01-15,J06000180,STGCN_Distance_InfectionRates
0.5784212035505454,0.57405007,0.004371134695259737,2021-01-17,J06000180,STGCN_Distance_InfectionRates
0.5619261599180372,0.56726944,-0.005343284547600025,2021-01-18,J06000180,STGCN_Distance_InfectionRates
0.5269285497082657,0.58268106,-0.05575251012907556,2021-01-20,J06000180,STGCN_Distance_InfectionRates
0.5033598985626414,0.54406375,-0.040703848366527295,2021-01-22,J06000180,STGCN_Distance_InfectionRates
0.493283054335453,0.52282286,-0.029539802567623175,2021-01-24,J06000180,STGCN_Distance_InfectionRates
0.4881555748561248,0.48884568,-0.0006901013275757428,2021-01-25,J06000180,STGCN_Distance_InfectionRates
0.4777153502082965,0.4810932,-0.0033778478526929057,2021-01-27,J06000180,STGCN_Distance_InfectionRates
0.4561129063460403,0.495933,-0.03982008992700048,2021-01-31,J06000180,STGCN_Distance_InfectionRates
0.4505453975920631,0.46682164,-0.016276243137841095,2021-02-01,J06000180,STGCN_Distance_InfectionRates
0.4391915730861865,0.45847914,-0.019287563142374897,2021-02-03,J06000180,STGCN_Distance_InfectionRates
0.4140023725960909,0.46034473,-0.046342359211617834,2021-02-05,J06000180,STGCN_Distance_InfectionRates
0.3723937594682116,0.4472857,-0.07489195229707768,2021-02-07,J06000180,STGCN_Distance_InfectionRates
0.3499923047403624,0.41691402,-0.06692171126801466,2021-02-08,J06000180,STGCN_Distance_InfectionRates
0.3013932241691143,0.37318888,-0.07179565889706307,2021-02-10,J06000180,STGCN_Distance_InfectionRates
0.8074966502340479,0.4587145,0.3487821650655909,2020-12-30,J06000181,STGCN_Distance_InfectionRates
0.7718043107347614,0.5700089,0.20179543679524725,2021-01-03,J06000181,STGCN_Distance_InfectionRates
0.7565371434177266,0.61366254,0.14287460250509842,2021-01-04,J06000181,STGCN_Distance_InfectionRates
0.7242917752873476,0.6903265,0.03396526342745376,2021-01-06,J06000181,STGCN_Distance_InfectionRates
0.6942636755466263,0.6746877,0.01957599196432036,2021-01-08,J06000181,STGCN_Distance_InfectionRates
0.6671206508003534,0.6532576,0.013863042386657143,2021-01-10,J06000181,STGCN_Distance_InfectionRates
0.6528852833158253,0.6263832,0.02650209792916758,2021-01-11,J06000181,STGCN_Distance_InfectionRates
0.6229332897656602,0.6517839,-0.028850593805964553,2021-01-13,J06000181,STGCN_Distance_InfectionRates
0.6082653658872863,0.6355249,-0.0272595626825074,2021-01-15,J06000181,STGCN_Distance_InfectionRates
0.6104969455321945,0.59421587,0.016281075628630015,2021-01-17,J06000181,STGCN_Distance_InfectionRates
0.6116084500004911,0.5900475,0.021560971324648848,2021-01-18,J06000181,STGCN_Distance_InfectionRates
0.6138229610361489,0.62040275,-0.0065797923169700345,2021-01-20,J06000181,STGCN_Distance_InfectionRates
0.6000850640118145,0.60044116,-0.000356093806026081,2021-01-22,J06000181,STGCN_Distance_InfectionRates
0.5687892148125462,0.58515483,-0.01636561659690816,2021-01-24,J06000181,STGCN_Distance_InfectionRates
0.5522528292136395,0.55808425,-0.005831420282820465,2021-01-25,J06000181,STGCN_Distance_InfectionRates
0.5171621122891378,0.55731905,-0.04015693277769572,2021-01-27,J06000181,STGCN_Distance_InfectionRates
0.498263248897325,0.5168792,-0.018615952038038786,2021-01-31,J06000181,STGCN_Distance_InfectionRates
0.4981866848495954,0.49292442,0.005262262823914843,2021-02-01,J06000181,STGCN_Distance_InfectionRates
0.4980335162486038,0.503589,-0.005555458227256782,2021-02-03,J06000181,STGCN_Distance_InfectionRates
0.4730992805926236,0.50244516,-0.029345880749997277,2021-02-05,J06000181,STGCN_Distance_InfectionRates
0.4186598936944178,0.49403593,-0.07537603574703422,2021-02-07,J06000181,STGCN_Distance_InfectionRates
0.3886470443205705,0.46758148,-0.07893443642093034,2021-02-08,J06000181,STGCN_Distance_InfectionRates
0.3215761648841063,0.42672023,-0.10514406688736283,2021-02-10,J06000181,STGCN_Distance_InfectionRates
0.5869388060992909,0.45004869,0.1368901210254384,2020-12-30,J06000182,STGCN_Distance_InfectionRates
0.5721992219844588,0.51008624,0.062112983600212,2021-01-03,J06000182,STGCN_Distance_InfectionRates
0.5654442247718838,0.51701534,0.04842888682785307,2021-01-04,J06000182,STGCN_Distance_InfectionRates
0.5516106159552179,0.5329336,0.018677023158892192,2021-01-06,J06000182,STGCN_Distance_InfectionRates
0.5465540025240402,0.5291559,0.017398092508933982,2021-01-08,J06000182,STGCN_Distance_InfectionRates
0.5505838226812686,0.5330846,0.01749925131972685,2021-01-10,J06000182,STGCN_Distance_InfectionRates
0.5525847966832884,0.5128474,0.03973737312982162,2021-01-11,J06000182,STGCN_Distance_InfectionRates
0.5565592973388924,0.54168195,0.01487735201494833,2021-01-13,J06000182,STGCN_Distance_InfectionRates
0.5452695382181924,0.55312055,-0.007851015275307405,2021-01-15,J06000182,STGCN_Distance_InfectionRates
0.5174618533213493,0.5331789,-0.015717072192871884,2021-01-17,J06000182,STGCN_Distance_InfectionRates
0.5028605007489695,0.52292246,-0.020061955515526364,2021-01-18,J06000182,STGCN_Distance_InfectionRates
0.4720970428924506,0.5299272,-0.057830151226049176,2021-01-20,J06000182,STGCN_Distance_InfectionRates
0.4514600633897758,0.49484035,-0.04338029033756491,2021-01-22,J06000182,STGCN_Distance_InfectionRates
0.4425291844810701,0.4806709,-0.038141714671685645,2021-01-24,J06000182,STGCN_Distance_InfectionRates
0.4379939164604881,0.44842598,-0.010432061961676842,2021-01-25,J06000182,STGCN_Distance_InfectionRates
0.4287787754751364,0.43807852,-0.009299747207053566,2021-01-27,J06000182,STGCN_Distance_InfectionRates
0.3962485661688201,0.47154948,-0.07530091498466807,2021-01-31,J06000182,STGCN_Distance_InfectionRates
0.3865543329091638,0.43710306,-0.050548729958954486,2021-02-01,J06000182,STGCN_Distance_InfectionRates
0.3664914935223263,0.417158,-0.05066651409943884,2021-02-03,J06000182,STGCN_Distance_InfectionRates
0.3388248939247818,0.40457615,-0.06575125863831327,2021-02-05,J06000182,STGCN_Distance_InfectionRates
0.3020623227569626,0.38417774,-0.08211542163161772,2021-02-07,J06000182,STGCN_Distance_InfectionRates
0.2824441300936345,0.34652153,-0.064077396481454,2021-02-08,J06000182,STGCN_Distance_InfectionRates
0.2403306013167898,0.27216175,-0.03183115066876013,2021-02-10,J06000182,STGCN_Distance_InfectionRates
0.6577187494495521,0.4535366,0.20418214957505565,2020-12-30,J06000183,STGCN_Distance_InfectionRates
0.6491996458870177,0.5305055,0.11869416750490713,2021-01-03,J06000183,STGCN_Distance_InfectionRates
0.6450353685780322,0.5517813,0.09325407184799073,2021-01-04,J06000183,STGCN_Distance_InfectionRates
0.6365850761969769,0.59045625,0.04612882886726499,2021-01-06,J06000183,STGCN_Distance_InfectionRates
0.6189971378356711,0.58623433,0.03276280670468967,2021-01-08,J06000183,STGCN_Distance_InfectionRates
0.5911083854395387,0.5833207,0.007787708159112672,2021-01-10,J06000183,STGCN_Distance_InfectionRates
0.5764623348043485,0.5553946,0.02106774490337804,2021-01-11,J06000183,STGCN_Distance_InfectionRates
0.5455996212416342,0.5731964,-0.02759678989117831,2021-01-13,J06000183,STGCN_Distance_InfectionRates
0.5342003859157304,0.56302243,-0.02882204879572592,2021-01-15,J06000183,STGCN_Distance_InfectionRates
0.5438289879673485,0.5322672,0.011561775099611649,2021-01-17,J06000183,STGCN_Distance_InfectionRates
0.5485644022227613,0.5254496,0.0231148282290784,2021-01-18,J06000183,STGCN_Distance_InfectionRates
0.5578830895971778,0.5498548,0.008028274590921702,2021-01-20,J06000183,STGCN_Distance_InfectionRates
0.5541320178869099,0.5392518,0.01488021353510327,2021-01-22,J06000183,STGCN_Distance_InfectionRates
0.5369630425846411,0.5402842,-0.003321173819320067,2021-01-24,J06000183,STGCN_Distance_InfectionRates
0.5281171309471768,0.5151237,0.012993406009737862,2021-01-25,J06000183,STGCN_Distance_InfectionRates
0.5098657046083751,0.5149261,-0.005060371326988666,2021-01-27,J06000183,STGCN_Distance_InfectionRates
0.4795885552640982,0.51046586,-0.030877305102723074,2021-01-31,J06000183,STGCN_Distance_InfectionRates
0.4724080633712353,0.47745934,-0.005051277916377606,2021-02-01,J06000183,STGCN_Distance_InfectionRates
0.4576807946883583,0.47169077,-0.014009979275569906,2021-02-03,J06000183,STGCN_Distance_InfectionRates
0.4327200526802354,0.47510087,-0.04238082222058248,2021-02-05,J06000183,STGCN_Distance_InfectionRates
0.3956653125616927,0.4603334,-0.06466809436350873,2021-02-07,J06000183,STGCN_Distance_InfectionRates
0.3758806965978589,0.43399382,-0.058113119777873534,2021-02-08,J06000183,STGCN_Distance_InfectionRates
0.3333832387372143,0.39423072,-0.060847484643828165,2021-02-10,J06000183,STGCN_Distance_InfectionRates
0.4882295682211549,0.42152727,0.0667023017187745,2020-12-27,J06000184,STGCN_Distance_InfectionRates
0.4976098517981794,0.42260405,0.07500579758560921,2020-12-28,J06000184,STGCN_Distance_InfectionRates
0.5157836489894209,0.4542234,0.061560254595499964,2020-12-30,J06000184,STGCN_Distance_InfectionRates
0.5159893427580586,0.4696907,0.04629863245189103,2021-01-03,J06000184,STGCN_Distance_InfectionRates
0.513083128610853,0.48880428,0.02427884785294898,2021-01-04,J06000184,STGCN_Distance_InfectionRates
0.5072116979895326,0.51535714,-0.00814543873684681,2021-01-06,J06000184,STGCN_Distance_InfectionRates
0.5019871525520946,0.5030819,-0.0010947652106617634,2021-01-08,J06000184,STGCN_Distance_InfectionRates
0.4974340150427919,0.49534413,0.0020898828578095885,2021-01-10,J06000184,STGCN_Distance_InfectionRates
0.4951394196289034,0.4674979,0.02764153440170003,2021-01-11,J06000184,STGCN_Distance_InfectionRates
0.4905135348722374,0.49339786,-0.0028843268468940475,2021-01-13,J06000184,STGCN_Distance_InfectionRates
0.4799195871430973,0.49138516,-0.011465574733581174,2021-01-15,J06000184,STGCN_Distance_InfectionRates
0.4629077226794319,0.4782977,-0.01538998773926925,2021-01-17,J06000184,STGCN_Distance_InfectionRates
0.4541451927512015,0.4617104,-0.0075652006776009695,2021-01-18,J06000184,STGCN_Distance_InfectionRates
0.436071213023918,0.45586216,-0.019790951473457497,2021-01-20,J06000184,STGCN_Distance_InfectionRates
0.4206900961117313,0.44152135,-0.020831250457329975,2021-01-22,J06000184,STGCN_Distance_InfectionRates
0.4083228787618165,0.43900856,-0.03068568499512625,2021-01-24,J06000184,STGCN_Distance_InfectionRates
0.4020046467968672,0.41240686,-0.01040221498520677,2021-01-25,J06000184,STGCN_Distance_InfectionRates
0.3890855532782596,0.40916285,-0.02007729590959134,2021-01-27,J06000184,STGCN_Distance_InfectionRates
0.3772184620271346,0.3979222,-0.020703726016459756,2021-01-29,J06000184,STGCN_Distance_InfectionRates
0.3665023339901204,0.39972067,-0.03321833480260422,2021-01-31,J06000184,STGCN_Distance_InfectionRates
0.3610434538234625,0.38356444,-0.02252098857270146,2021-02-01,J06000184,STGCN_Distance_InfectionRates
0.3499154315552822,0.38081586,-0.030900432054031757,2021-02-03,J06000184,STGCN_Distance_InfectionRates
0.3315188287666022,0.38239235,-0.05087351809237606,2021-02-05,J06000184,STGCN_Distance_InfectionRates
0.3048951337547235,0.37512335,-0.07022821805763918,2021-02-07,J06000184,STGCN_Distance_InfectionRates
0.2909451237494876,0.35251236,-0.061567235869653014,2021-02-08,J06000184,STGCN_Distance_InfectionRates
0.2616243030664178,0.3211271,-0.05950278381140506,2021-02-10,J06000184,STGCN_Distance_InfectionRates
0.5579156175943369,0.4503167,0.10759892023525186,2020-12-30,J06000185,STGCN_Distance_InfectionRates
0.5326971766147756,0.5015687,0.031128501573576828,2021-01-03,J06000185,STGCN_Distance_InfectionRates
0.5244435420257104,0.499762,0.024681543372298553,2021-01-04,J06000185,STGCN_Distance_InfectionRates
0.5074502497285054,0.50353026,0.003919985827748551,2021-01-06,J06000185,STGCN_Distance_InfectionRates
0.4941026006427356,0.49759215,-0.003489550522272955,2021-01-08,J06000185,STGCN_Distance_InfectionRates
0.4847641831491895,0.4990075,-0.014243310108333074,2021-01-10,J06000185,STGCN_Distance_InfectionRates
0.4800185790207245,0.47187772,0.008140855088458243,2021-01-11,J06000185,STGCN_Distance_InfectionRates
0.4703689111469569,0.49176282,-0.02139390575901845,2021-01-13,J06000185,STGCN_Distance_InfectionRates
0.4802395001558096,0.49360827,-0.013368765959379025,2021-01-15,J06000185,STGCN_Distance_InfectionRates
0.5083656803235256,0.48360118,0.02476449762432209,2021-01-17,J06000185,STGCN_Distance_InfectionRates
0.5217739330927285,0.48886,0.032913921991959416,2021-01-18,J06000185,STGCN_Distance_InfectionRates
0.5474090155288077,0.52282023,0.024588781230101664,2021-01-20,J06000185,STGCN_Distance_InfectionRates
0.5596901267540331,0.5239931,0.03569705186008165,2021-01-22,J06000185,STGCN_Distance_InfectionRates
0.559709216032134,0.5356111,0.024098122987852966,2021-01-24,J06000185,STGCN_Distance_InfectionRates
0.5597187603565449,0.51946384,0.04025492320978585,2021-01-25,J06000185,STGCN_Distance_InfectionRates
0.5597378483761339,0.5332396,0.0264982453335314,2021-01-27,J06000185,STGCN_Distance_InfectionRates
0.5396312697586354,0.5283327,0.01129855949252212,2021-01-31,J06000185,STGCN_Distance_InfectionRates
0.5327133701545683,0.5011309,0.031582491229244836,2021-02-01,J06000185,STGCN_Distance_InfectionRates
0.5185379405942927,0.5137242,0.004813732716179908,2021-02-03,J06000185,STGCN_Distance_InfectionRates
0.4901320821675839,0.51720864,-0.027076553639453438,2021-02-05,J06000185,STGCN_Distance_InfectionRates
0.4444877972096763,0.5016901,-0.05720229249292991,2021-02-07,J06000185,STGCN_Distance_InfectionRates
0.419730791233903,0.47654608,-0.05681528768646138,2021-02-08,J06000185,STGCN_Distance_InfectionRates
0.365532873879631,0.4377149,-0.07218203066710666,2021-02-10,J06000185,STGCN_Distance_InfectionRates
0.6102277499080517,0.47999713,0.130230621659837,2020-12-28,J06000186,STGCN_Distance_InfectionRates
0.6239412092954754,0.5037928,0.12014838693448293,2020-12-30,J06000186,STGCN_Distance_InfectionRates
0.5638540568825106,0.53330976,0.030544299173007383,2021-01-03,J06000186,STGCN_Distance_InfectionRates
0.53909713880978,0.53194505,0.007152089047054222,2021-01-04,J06000186,STGCN_Distance_InfectionRates
0.4848994323128258,0.52213377,-0.037234335292002096,2021-01-06,J06000186,STGCN_Distance_InfectionRates
0.4597680052045308,0.4976825,-0.03791450660195722,2021-01-08,J06000186,STGCN_Distance_InfectionRates
0.4690853269160685,0.48422703,-0.01514170455327657,2021-01-10,J06000186,STGCN_Distance_InfectionRates
0.4736700844001565,0.45264703,0.021023054046610368,2021-01-11,J06000186,STGCN_Distance_InfectionRates
0.4826969042288689,0.47807986,0.004617048786821787,2021-01-13,J06000186,STGCN_Distance_InfectionRates
0.4818763619712045,0.49253285,-0.010656487340624132,2021-01-15,J06000186,STGCN_Distance_InfectionRates
0.4711518431582174,0.48442844,-0.01327659240582374,2021-01-17,J06000186,STGCN_Distance_InfectionRates
0.4656886083389889,0.4809757,-0.015287079164825801,2021-01-18,J06000186,STGCN_Distance_InfectionRates
0.454551537559972,0.4928428,-0.038291255904688626,2021-01-20,J06000186,STGCN_Distance_InfectionRates
0.441944249360427,0.46985838,-0.0279141288114938,2021-01-22,J06000186,STGCN_Distance_InfectionRates
0.4277438563812327,0.46544456,-0.03770070843810325,2021-01-24,J06000186,STGCN_Distance_InfectionRates
0.4204656573498074,0.4362337,-0.015768041971939428,2021-01-25,J06000186,STGCN_Distance_InfectionRates
0.4055327921751755,0.42537108,-0.019838288461802633,2021-01-27,J06000186,STGCN_Distance_InfectionRates
0.3520073288723267,0.4609405,-0.10893318116223444,2021-01-31,J06000186,STGCN_Distance_InfectionRates
0.3355767236766955,0.42197186,-0.08639513387106451,2021-02-01,J06000186,STGCN_Distance_InfectionRates
0.3007241785506659,0.38600832,-0.08528414368825621,2021-02-03,J06000186,STGCN_Distance_InfectionRates
0.2718020522944169,0.35418168,-0.0823796248086257,2021-02-05,J06000186,STGCN_Distance_InfectionRates
0.2502504086096495,0.3125371,-0.0622866952817232,2021-02-07,J06000186,STGCN_Distance_InfectionRates
0.2390597903779407,0.2522672,-0.01320742129770322,2021-02-08,J06000186,STGCN_Distance_InfectionRates
0.215774479729332,0.21362706,0.0021474244419708577,2021-02-10,J06000186,STGCN_Distance_InfectionRates
0.5867237837607211,0.4724435,0.11428029254024685,2020-12-28,J06000187,STGCN_Distance_InfectionRates
0.5960434140363461,0.4930632,0.10298020259530605,2020-12-30,J06000187,STGCN_Distance_InfectionRates
0.5431451990344965,0.51437706,0.028768141482158893,2021-01-03,J06000187,STGCN_Distance_InfectionRates
0.522158876426426,0.51476234,0.007396534450260228,2021-01-04,J06000187,STGCN_Distance_InfectionRates
0.4768746290151533,0.5095139,-0.03263928556996021,2021-01-06,J06000187,STGCN_Distance_InfectionRates
0.4562764634748423,0.48059925,-0.02432279089489342,2021-01-08,J06000187,STGCN_Distance_InfectionRates
0.4640649981719762,0.46324626,0.0008187420589238492,2021-01-10,J06000187,STGCN_Distance_InfectionRates
0.4679075049822808,0.43787464,0.03003285998754507,2021-01-11,J06000187,STGCN_Distance_InfectionRates
0.475492006368692,0.4644168,0.011075204439218111,2021-01-13,J06000187,STGCN_Distance_InfectionRates
0.4756640859192773,0.46474832,0.01091576295556268,2021-01-15,J06000187,STGCN_Distance_InfectionRates
0.4684326248808248,0.46695974,0.0014728801889760668,2021-01-17,J06000187,STGCN_Distance_InfectionRates
0.4647712330146269,0.4592568,0.005514434985680994,2021-01-18,J06000187,STGCN_Distance_InfectionRates
0.4573545235371331,0.47283605,-0.015481523873831893,2021-01-20,J06000187,STGCN_Distance_InfectionRates
0.4432350248762799,0.45889413,-0.015659108691530144,2021-01-22,J06000187,STGCN_Distance_InfectionRates
0.4217361056727694,0.45574147,-0.0340053594189359,2021-01-24,J06000187,STGCN_Distance_InfectionRates
0.4105739113633913,0.42755318,-0.016979265516491537,2021-01-25,J06000187,STGCN_Distance_InfectionRates
0.3873501389377393,0.41896352,-0.031613382781239596,2021-01-27,J06000187,STGCN_Distance_InfectionRates
0.3760103050762552,0.4042307,-0.028220408768044103,2021-01-29,J06000187,STGCN_Distance_InfectionRates
0.3775163719310608,0.409482,-0.03196563032723998,2021-01-31,J06000187,STGCN_Distance_InfectionRates
0.3782674513220874,0.3936683,-0.015400842630854505,2021-02-01,J06000187,STGCN_Distance_InfectionRates
0.3797657244957274,0.38810268,-0.008336955948990032,2021-02-03,J06000187,STGCN_Distance_InfectionRates
0.3669932092024538,0.38994622,-0.022953013102844033,2021-02-05,J06000187,STGCN_Distance_InfectionRates
0.3386216246900227,0.39151034,-0.05288871290114855,2021-02-07,J06000187,STGCN_Distance_InfectionRates
0.3237090872973677,0.37161073,-0.04790164358909166,2021-02-08,J06000187,STGCN_Distance_InfectionRates
0.2922539344777971,0.34150606,-0.049252129460343796,2021-02-10,J06000187,STGCN_Distance_InfectionRates
0.5650150838050619,0.44864148,0.1163736047897116,2020-12-30,J06000188,STGCN_Distance_InfectionRates
0.5585912644210851,0.49957532,0.059015947515109746,2021-01-03,J06000188,STGCN_Distance_InfectionRates
0.5532648784364175,0.5025512,0.050713680430741204,2021-01-04,J06000188,STGCN_Distance_InfectionRates
0.5424120317325947,0.5271218,0.015290249429738223,2021-01-06,J06000188,STGCN_Distance_InfectionRates
0.5354256175995034,0.5279473,0.007478310966507751,2021-01-08,J06000188,STGCN_Distance_InfectionRates
0.532497752505923,0.53293204,-0.0004342905696385069,2021-01-10,J06000188,STGCN_Distance_InfectionRates
0.5310263845363489,0.518498,0.012528381053530269,2021-01-11,J06000188,STGCN_Distance_InfectionRates
0.5280686088579265,0.5384364,-0.010367803953352794,2021-01-13,J06000188,STGCN_Distance_InfectionRates
0.5181475948278033,0.54616135,-0.02801375876030099,2021-01-15,J06000188,STGCN_Distance_InfectionRates
0.5007705905918621,0.5279949,-0.027224280547664237,2021-01-17,J06000188,STGCN_Distance_InfectionRates
0.4918142029675518,0.5180517,-0.026237480935188684,2021-01-18,J06000188,STGCN_Distance_InfectionRates
0.473327505794437,0.5268536,-0.053526115211574965,2021-01-20,J06000188,STGCN_Distance_InfectionRates
0.4590820690037291,0.50356257,-0.04448050061449599,2021-01-22,J06000188,STGCN_Distance_InfectionRates
0.449530050452684,0.49172533,-0.042195275131727605,2021-01-24,J06000188,STGCN_Distance_InfectionRates
0.4446740843631225,0.46345055,-0.018776466669897518,2021-01-25,J06000188,STGCN_Distance_InfectionRates
0.434796164810905,0.4547098,-0.01991363328670548,2021-01-27,J06000188,STGCN_Distance_InfectionRates
0.3889484313804139,0.47286803,-0.08391959392247306,2021-01-31,J06000188,STGCN_Distance_InfectionRates
0.3744409817865899,0.44647673,-0.07203574593748541,2021-02-01,J06000188,STGCN_Distance_InfectionRates
0.3438859360702149,0.42271194,-0.07882600254939875,2021-02-03,J06000188,STGCN_Distance_InfectionRates
0.3118527405052773,0.39718592,-0.08533318116372907,2021-02-05,J06000188,STGCN_Distance_InfectionRates
0.2781701037433211,0.36964738,-0.0914772799465593,2021-02-07,J06000188,STGCN_Distance_InfectionRates
0.2602956482214649,0.3279192,-0.06762353694012568,2021-02-08,J06000188,STGCN_Distance_InfectionRates
0.2221757950943196,0.26038158,-0.0382057843047893,2021-02-10,J06000188,STGCN_Distance_InfectionRates
0.6010301325018919,0.45402625,0.14700388047056556,2020-12-30,J06000189,STGCN_Distance_InfectionRates
0.5607646391507431,0.50810695,0.05265769220555272,2021-01-03,J06000189,STGCN_Distance_InfectionRates
0.5469008163889274,0.5218101,0.025090702005229892,2021-01-04,J06000189,STGCN_Distance_InfectionRates
0.5177703687848692,0.5409687,-0.023198347359692617,2021-01-06,J06000189,STGCN_Distance_InfectionRates
0.510902172161506,0.49988487,0.011017298532889686,2021-01-08,J06000189,STGCN_Distance_InfectionRates
0.5273510224717644,0.48311764,0.04423338245330122,2021-01-10,J06000189,STGCN_Distance_InfectionRates
0.5353475728095931,0.4599036,0.07544397497786703,2021-01-11,J06000189,STGCN_Distance_InfectionRates
0.5509120680654602,0.5136896,0.037222490485961934,2021-01-13,J06000189,STGCN_Distance_InfectionRates
0.5726259824643553,0.5121168,0.060509192646545196,2021-01-15,J06000189,STGCN_Distance_InfectionRates
0.5995882157285999,0.52099544,0.07859277762969241,2021-01-17,J06000189,STGCN_Distance_InfectionRates
0.6124665418236798,0.5248246,0.08764192253046688,2021-01-18,J06000189,STGCN_Distance_InfectionRates
0.6371312203383561,0.5622165,0.07491470002890788,2021-01-20,J06000189,STGCN_Distance_InfectionRates
0.6263300439793339,0.57387996,0.052450086780237215,2021-01-22,J06000189,STGCN_Distance_InfectionRates
0.5771984204195878,0.5720147,0.005183730974092193,2021-01-24,J06000189,STGCN_Distance_InfectionRates
0.5503777376608374,0.5592234,-0.008845675806569808,2021-01-25,J06000189,STGCN_Distance_InfectionRates
0.4911892319514223,0.54530805,-0.05411882154207748,2021-01-27,J06000189,STGCN_Distance_InfectionRates
0.4452289954533724,0.52468437,-0.07945537411068399,2021-01-29,J06000189,STGCN_Distance_InfectionRates
0.4179174768923347,0.48229095,-0.06437347650541614,2021-01-31,J06000189,STGCN_Distance_InfectionRates
0.4035894129889028,0.44906247,-0.04547305363249615,2021-02-01,J06000189,STGCN_Distance_InfectionRates
0.3734321003548539,0.41994756,-0.04651546424704428,2021-02-03,J06000189,STGCN_Distance_InfectionRates
0.3456401643911101,0.39889675,-0.05325658939688427,2021-02-05,J06000189,STGCN_Distance_InfectionRates
0.3208370809546226,0.3732808,-0.05244371247379842,2021-02-07,J06000189,STGCN_Distance_InfectionRates
0.3078832853579695,0.3375978,-0.029714502022249012,2021-02-08,J06000189,STGCN_Distance_InfectionRates
0.2807555656158754,0.30367327,-0.022917701748626562,2021-02-10,J06000189,STGCN_Distance_InfectionRates
0.6955954032210833,0.45147797,0.24411742856783925,2020-12-30,J06000190,STGCN_Distance_InfectionRates
0.6893602622586446,0.5310301,0.15833014379322097,2021-01-03,J06000190,STGCN_Distance_InfectionRates
0.6794255450088812,0.56173724,0.11768830564807187,2021-01-04,J06000190,STGCN_Distance_InfectionRates
0.6588471788510536,0.609787,0.049060191546366094,2021-01-06,J06000190,STGCN_Distance_InfectionRates
0.6552400328498784,0.5758309,0.07940915602263843,2021-01-08,J06000190,STGCN_Distance_InfectionRates
0.6690240769676284,0.56191814,0.10710593750992581,2021-01-10,J06000190,STGCN_Distance_InfectionRates
0.6757554372827171,0.5440565,0.13169896212021104,2021-01-11,J06000190,STGCN_Distance_InfectionRates
0.6889130197321693,0.60162354,0.08728948457591934,2021-01-13,J06000190,STGCN_Distance_InfectionRates
0.677013022490523,0.5979812,0.07903180796720755,2021-01-15,J06000190,STGCN_Distance_InfectionRates
0.6378497581775898,0.5844306,0.053419182806801246,2021-01-17,J06000190,STGCN_Distance_InfectionRates
0.616858869137125,0.5795134,0.03734549814637178,2021-01-18,J06000190,STGCN_Distance_InfectionRates
0.5715639831082064,0.5749504,-0.0033864139064114784,2021-01-20,J06000190,STGCN_Distance_InfectionRates
0.5439347538164241,0.5422745,0.001660278718767838,2021-01-22,J06000190,STGCN_Distance_InfectionRates
0.5377134741738803,0.51230204,0.025411433120108295,2021-01-24,J06000190,STGCN_Distance_InfectionRates
0.5345690920180238,0.49196193,0.042607165796176294,2021-01-25,J06000190,STGCN_Distance_InfectionRates
0.5282111944175625,0.4894156,0.03879560842284202,2021-01-27,J06000190,STGCN_Distance_InfectionRates
0.5112628161890137,0.5012861,0.009976726768695099,2021-01-29,J06000190,STGCN_Distance_InfectionRates
0.4824184963100069,0.48065227,0.0017662236087434557,2021-01-31,J06000190,STGCN_Distance_InfectionRates
0.4672445988200863,0.47143978,-0.004195179984692765,2021-02-01,J06000190,STGCN_Distance_InfectionRates
0.4352072640805584,0.43897468,-0.0037674144358295636,2021-02-03,J06000190,STGCN_Distance_InfectionRates
0.401315531263616,0.4283938,-0.027078279723856513,2021-02-05,J06000190,STGCN_Distance_InfectionRates
0.3653123088572743,0.4012748,-0.03596249144332386,2021-02-07,J06000190,STGCN_Distance_InfectionRates
0.3461258306217689,0.37272766,-0.026601831703136514,2021-02-08,J06000190,STGCN_Distance_InfectionRates
0.3050059794617195,0.3243369,-0.019330906944225346,2021-02-10,J06000190,STGCN_Distance_InfectionRates
